"doi_o","doi_r","reason","detail"
"10.1016/j.im.2015.06.009","https://aisel.aisnet.org/trr/vol7/iss1/3","invalid_identifier","doi_r is not a valid DOI and does not contain handle.net/"
"10.1038/ng.663",NA,"invalid_identifier","doi_r is not a valid DOI and does not contain handle.net/"
"10.1037/t79666-000",NA,"invalid_identifier","doi_r is not a valid DOI and does not contain handle.net/"
"10.5210/bsi.v18i1.2292",NA,"invalid_identifier","doi_r is not a valid DOI and does not contain handle.net/"
"10.1016/j.evolhumbehav.2005.01.002",NA,"invalid_identifier","doi_r is not a valid DOI and does not contain handle.net/"
"10.1037/a0021524",NA,"invalid_identifier","doi_r is not a valid DOI and does not contain handle.net/"
"10.1037/0003-066x.60.5.410",NA,"invalid_identifier","doi_r is not a valid DOI and does not contain handle.net/"
"10.1037/0096-1523.1.3.288",NA,"invalid_identifier","doi_r is not a valid DOI and does not contain handle.net/"
"10.1177/0956797613508412",NA,"invalid_identifier","doi_r is not a valid DOI and does not contain handle.net/"
"10.1037/pspp0000113",NA,"invalid_identifier","doi_r is not a valid DOI and does not contain handle.net/"
"10.1017/xps.2018.6",NA,"invalid_identifier","doi_r is not a valid DOI and does not contain handle.net/"
"10.3982/ecta14370",NA,"invalid_identifier","doi_r is not a valid DOI and does not contain handle.net/"
"10.1093/jcr/ucw044",NA,"invalid_identifier","doi_r is not a valid DOI and does not contain handle.net/"
"10.1007/s10683-016-9484-1",NA,"invalid_identifier","doi_r is not a valid DOI and does not contain handle.net/"
"10.1037/a0033009",NA,"invalid_identifier","doi_r is not a valid DOI and does not contain handle.net/"
"10.1002/per.2157",NA,"invalid_identifier","doi_r is not a valid DOI and does not contain handle.net/"
"10.1016/j.socscimed.2017.03.035",NA,"invalid_identifier","doi_r is not a valid DOI and does not contain handle.net/"
"10.1086/678035",NA,"invalid_identifier","doi_r is not a valid DOI and does not contain handle.net/"
"10.1016/j.worlddev.2015.10.037",NA,"invalid_identifier","doi_r is not a valid DOI and does not contain handle.net/"
"10.1093/sf/soy014",NA,"invalid_identifier","doi_r is not a valid DOI and does not contain handle.net/"
"10.1037/a0023937",NA,"invalid_identifier","doi_r is not a valid DOI and does not contain handle.net/"
"10.1093/rfs/hhr027",NA,"invalid_identifier","doi_r is not a valid DOI and does not contain handle.net/"
"10.3982/ecta8852",NA,"invalid_identifier","doi_r is not a valid DOI and does not contain handle.net/"
"10.1016/j.jenvp.2013.09.003",NA,"invalid_identifier","doi_r is not a valid DOI and does not contain handle.net/"
"10.1002/per.1942",NA,"invalid_identifier","doi_r is not a valid DOI and does not contain handle.net/"
"10.1016/j.obhdp.2016.08.001",NA,"invalid_identifier","doi_r is not a valid DOI and does not contain handle.net/"
"10.1016/j.learninstruc.2014.12.001",NA,"invalid_identifier","doi_r is not a valid DOI and does not contain handle.net/"
"10.1086/676333",NA,"invalid_identifier","doi_r is not a valid DOI and does not contain handle.net/"
"10.1007/s13524-013-0261-x",NA,"invalid_identifier","doi_r is not a valid DOI and does not contain handle.net/"
"10.1017/s0043887117000107",NA,"invalid_identifier","doi_r is not a valid DOI and does not contain handle.net/"
"10.3102/0002831214531323",NA,"invalid_identifier","doi_r is not a valid DOI and does not contain handle.net/"
"10.1007/s11747-014-0373-x",NA,"invalid_identifier","doi_r is not a valid DOI and does not contain handle.net/"
"10.1016/j.cognition.2017.04.004",NA,"invalid_identifier","doi_r is not a valid DOI and does not contain handle.net/"
"10.1111/j.1540-6210.2011.02414.x",NA,"invalid_identifier","doi_r is not a valid DOI and does not contain handle.net/"
"10.1037/apl0000281",NA,"invalid_identifier","doi_r is not a valid DOI and does not contain handle.net/"
"10.3102/0013189x11422112",NA,"invalid_identifier","doi_r is not a valid DOI and does not contain handle.net/"
"10.1037/pspp0000031",NA,"invalid_identifier","doi_r is not a valid DOI and does not contain handle.net/"
"10.1037/a0037037",NA,"invalid_identifier","doi_r is not a valid DOI and does not contain handle.net/"
"10.1007/s13524-012-0091-2",NA,"invalid_identifier","doi_r is not a valid DOI and does not contain handle.net/"
"10.1177/0014402918771337",NA,"invalid_identifier","doi_r is not a valid DOI and does not contain handle.net/"
"10.1002/job.598",NA,"invalid_identifier","doi_r is not a valid DOI and does not contain handle.net/"
"10.1037/a0037294",NA,"invalid_identifier","doi_r is not a valid DOI and does not contain handle.net/"
"10.1016/j.cedpsych.2014.03.004",NA,"invalid_identifier","doi_r is not a valid DOI and does not contain handle.net/"
"10.1177/0956797618756862",NA,"invalid_identifier","doi_r is not a valid DOI and does not contain handle.net/"
"10.1016/s0899-8256(03)00119-2",NA,"invalid_identifier","doi_r is not a valid DOI and does not contain handle.net/"
"10.1007/s13524-012-0173-1",NA,"invalid_identifier","doi_r is not a valid DOI and does not contain handle.net/"
"10.1086/662130",NA,"invalid_identifier","doi_r is not a valid DOI and does not contain handle.net/"
"10.1257/app.3.1.239",NA,"invalid_identifier","doi_r is not a valid DOI and does not contain handle.net/"
"10.1007/s10683-015-9436-1",NA,"invalid_identifier","doi_r is not a valid DOI and does not contain handle.net/"
"10.1086/680670",NA,"invalid_identifier","doi_r is not a valid DOI and does not contain handle.net/"
"10.1257/aer.100.4.1913",NA,"invalid_identifier","doi_r is not a valid DOI and does not contain handle.net/"
"10.1017/s0043887114000100",NA,"invalid_identifier","doi_r is not a valid DOI and does not contain handle.net/"
"10.1111/1745-9125.12151",NA,"invalid_identifier","doi_r is not a valid DOI and does not contain handle.net/"
"10.3102/0002831209340043",NA,"invalid_identifier","doi_r is not a valid DOI and does not contain handle.net/"
"10.1016/j.obhdp.2008.06.001",NA,"invalid_identifier","doi_r is not a valid DOI and does not contain handle.net/"
"10.1016/j.jfineco.2008.12.008",NA,"invalid_identifier","doi_r is not a valid DOI and does not contain handle.net/"
"10.1002/per.853",NA,"invalid_identifier","doi_r is not a valid DOI and does not contain handle.net/"
NA,NA,"invalid_identifier","doi_r is not a valid DOI and does not contain handle.net/"
"10.1073/pnas.2109373119",NA,"invalid_identifier","doi_r is not a valid DOI and does not contain handle.net/"
"10.1016/j.jesp.2012.02.002",NA,"invalid_identifier","doi_r is not a valid DOI and does not contain handle.net/"
"10.1007/s13524-016-0483-9",NA,"invalid_identifier","doi_r is not a valid DOI and does not contain handle.net/"
"10.1016/j.obhdp.2018.08.002",NA,"invalid_identifier","doi_r is not a valid DOI and does not contain handle.net/"
"10.1016/j.evolhumbehav.2018.06.004",NA,"invalid_identifier","doi_r is not a valid DOI and does not contain handle.net/"
"10.1111/j.1467-9280.2009.02447.x",NA,"invalid_identifier","doi_r is not a valid DOI and does not contain handle.net/"
"10.1509/jmr.14.0300",NA,"invalid_identifier","doi_r is not a valid DOI and does not contain handle.net/"
"10.1177/0956797611413935",NA,"invalid_identifier","doi_r is not a valid DOI and does not contain handle.net/"
"10.1002/job.697",NA,"invalid_identifier","doi_r is not a valid DOI and does not contain handle.net/"
"10.1016/j.jbusres.2016.07.021",NA,"invalid_identifier","doi_r is not a valid DOI and does not contain handle.net/"
"10.1016/j.cognition.2016.03.003",NA,"invalid_identifier","doi_r is not a valid DOI and does not contain handle.net/"
"10.1037/a0027678",NA,"invalid_identifier","doi_r is not a valid DOI and does not contain handle.net/"
"10.1287/mnsc.1120.1650",NA,"invalid_identifier","doi_r is not a valid DOI and does not contain handle.net/"
"10.1017/s0003055409090066",NA,"invalid_identifier","doi_r is not a valid DOI and does not contain handle.net/"
"10.1037/a0019973",NA,"invalid_identifier","doi_r is not a valid DOI and does not contain handle.net/"
"10.1509/jm.16.0125",NA,"invalid_identifier","doi_r is not a valid DOI and does not contain handle.net/"
"10.1016/j.cognition.2009.08.005",NA,"invalid_identifier","doi_r is not a valid DOI and does not contain handle.net/"
"10.1086/670394",NA,"invalid_identifier","doi_r is not a valid DOI and does not contain handle.net/"
"10.1007/s11747-009-0140-6",NA,"invalid_identifier","doi_r is not a valid DOI and does not contain handle.net/"
"10.1007/s10683-008-9210-8",NA,"invalid_identifier","doi_r is not a valid DOI and does not contain handle.net/"
"10.1026//0949-3946.48.2.94",NA,"invalid_identifier","doi_r is not a valid DOI and does not contain handle.net/"
"10.1080/08941920802039804",NA,"invalid_identifier","doi_r is not a valid DOI and does not contain handle.net/"
"10.3758/bf03206733",NA,"invalid_identifier","doi_r is not a valid DOI and does not contain handle.net/"
"10.1016/j.jesp.2017.01.006",NA,"invalid_identifier","doi_r is not a valid DOI and does not contain handle.net/"
"10.1126/science.151.3712.837",NA,"invalid_identifier","doi_r is not a valid DOI and does not contain handle.net/"
"10.1007/s11199-007-9195-3",NA,"invalid_identifier","doi_r is not a valid DOI and does not contain handle.net/"
"10.1016/j.im.2013.08.006",NA,"invalid_identifier","doi_r is not a valid DOI and does not contain handle.net/"
"10.1006/jmla.1996.0032",NA,"invalid_identifier","doi_r is not a valid DOI and does not contain handle.net/"
"10.1016/0883-9026(91)90005-x",NA,"invalid_identifier","doi_r is not a valid DOI and does not contain handle.net/"
"10.1257/aer.20201550",NA,"invalid_identifier","doi_r is not a valid DOI and does not contain handle.net/"
NA,NA,"invalid_identifier","doi_r is not a valid DOI and does not contain handle.net/"
"10.1038/s41562-023-01655-0",NA,"invalid_identifier","doi_r is not a valid DOI and does not contain handle.net/"
"10.1093/ej/ueab096",NA,"invalid_identifier","doi_r is not a valid DOI and does not contain handle.net/"
"10.1093/restud/rdab056",NA,"invalid_identifier","doi_r is not a valid DOI and does not contain handle.net/"
"10.1177/0193723504273121",NA,"invalid_identifier","doi_r is not a valid DOI and does not contain handle.net/"
"10.1037/xge0000157",NA,"invalid_identifier","doi_r is not a valid DOI and does not contain handle.net/"
"10.1007/s10683-012-9342-8",NA,"invalid_identifier","doi_r is not a valid DOI and does not contain handle.net/"
"10.1016/j.jesp.2015.11.008",NA,"invalid_identifier","doi_r is not a valid DOI and does not contain handle.net/"
"10.1093/esr/jcq033",NA,"invalid_identifier","doi_r is not a valid DOI and does not contain handle.net/"
"10.1509/jmkr.47.2.348",NA,"invalid_identifier","doi_r is not a valid DOI and does not contain handle.net/"
"10.1509/jmr.12.0430",NA,"invalid_identifier","doi_r is not a valid DOI and does not contain handle.net/"
"10.1016/j.jesp.2010.11.006",NA,"invalid_identifier","doi_r is not a valid DOI and does not contain handle.net/"
"10.1002/per.2062",NA,"invalid_identifier","doi_r is not a valid DOI and does not contain handle.net/"
"10.1037/pspi0000065",NA,"invalid_identifier","doi_r is not a valid DOI and does not contain handle.net/"
"10.1016/j.jesp.2016.11.014",NA,"invalid_identifier","doi_r is not a valid DOI and does not contain handle.net/"
"10.5465/amj.2016.0086",NA,"invalid_identifier","doi_r is not a valid DOI and does not contain handle.net/"
"10.1101/2020.03.30.20048090",NA,"invalid_identifier","doi_r is not a valid DOI and does not contain handle.net/"
"10.1101/2020.05.14.20093633",NA,"invalid_identifier","doi_r is not a valid DOI and does not contain handle.net/"
"10.1086/700235",NA,"invalid_identifier","doi_r is not a valid DOI and does not contain handle.net/"
"10.1093/restud/rdab087",NA,"invalid_identifier","doi_r is not a valid DOI and does not contain handle.net/"
"10.1093/restud/rdac011",NA,"invalid_identifier","doi_r is not a valid DOI and does not contain handle.net/"
"10.1093/restud/rdab043",NA,"invalid_identifier","doi_r is not a valid DOI and does not contain handle.net/"
"10.1093/qje/qjac001",NA,"invalid_identifier","doi_r is not a valid DOI and does not contain handle.net/"
"10.1093/qje/qjab042",NA,"invalid_identifier","doi_r is not a valid DOI and does not contain handle.net/"
"10.1093/qje/qjac035",NA,"invalid_identifier","doi_r is not a valid DOI and does not contain handle.net/"
"10.1093/qje/qjac037",NA,"invalid_identifier","doi_r is not a valid DOI and does not contain handle.net/"
"10.1093/qje/qjac039",NA,"invalid_identifier","doi_r is not a valid DOI and does not contain handle.net/"
"10.1093/qje/qjab036",NA,"invalid_identifier","doi_r is not a valid DOI and does not contain handle.net/"
"10.1038/s41562-023-01538-4",NA,"invalid_identifier","doi_r is not a valid DOI and does not contain handle.net/"
"10.1038/s41562-023-01636-3",NA,"invalid_identifier","doi_r is not a valid DOI and does not contain handle.net/"
"10.1038/s41562-023-01712-8",NA,"invalid_identifier","doi_r is not a valid DOI and does not contain handle.net/"
"10.1086/717453",NA,"invalid_identifier","doi_r is not a valid DOI and does not contain handle.net/"
"10.1086/719277",NA,"invalid_identifier","doi_r is not a valid DOI and does not contain handle.net/"
"10.1086/717042",NA,"invalid_identifier","doi_r is not a valid DOI and does not contain handle.net/"
"10.1086/715252",NA,"invalid_identifier","doi_r is not a valid DOI and does not contain handle.net/"
"10.1086/714924",NA,"invalid_identifier","doi_r is not a valid DOI and does not contain handle.net/"
"10.1093/ej/uead061",NA,"invalid_identifier","doi_r is not a valid DOI and does not contain handle.net/"
"10.1093/ej/ueab076",NA,"invalid_identifier","doi_r is not a valid DOI and does not contain handle.net/"
"10.1017/s0003055422000107",NA,"invalid_identifier","doi_r is not a valid DOI and does not contain handle.net/"
"10.1017/s0003055423000308",NA,"invalid_identifier","doi_r is not a valid DOI and does not contain handle.net/"
"10.1017/s0003055421000691",NA,"invalid_identifier","doi_r is not a valid DOI and does not contain handle.net/"
"10.1017/s0003055421000940",NA,"invalid_identifier","doi_r is not a valid DOI and does not contain handle.net/"
"10.1017/s0003055421000800",NA,"invalid_identifier","doi_r is not a valid DOI and does not contain handle.net/"
"10.1111/ajps.12833",NA,"invalid_identifier","doi_r is not a valid DOI and does not contain handle.net/"
"10.1111/ajps.12583",NA,"invalid_identifier","doi_r is not a valid DOI and does not contain handle.net/"
"10.1111/ajps.12594",NA,"invalid_identifier","doi_r is not a valid DOI and does not contain handle.net/"
"10.1111/ajps.12624",NA,"invalid_identifier","doi_r is not a valid DOI and does not contain handle.net/"
"10.1111/ajps.12739",NA,"invalid_identifier","doi_r is not a valid DOI and does not contain handle.net/"
"10.1257/aer.20190433",NA,"invalid_identifier","doi_r is not a valid DOI and does not contain handle.net/"
"10.1257/aer.20190565",NA,"invalid_identifier","doi_r is not a valid DOI and does not contain handle.net/"
"10.1257/aer.20191927",NA,"invalid_identifier","doi_r is not a valid DOI and does not contain handle.net/"
"10.1257/aer.20161385",NA,"invalid_identifier","doi_r is not a valid DOI and does not contain handle.net/"
"10.1257/aer.20200751",NA,"invalid_identifier","doi_r is not a valid DOI and does not contain handle.net/"
"10.1257/aer.20202045",NA,"invalid_identifier","doi_r is not a valid DOI and does not contain handle.net/"
"10.1257/aer.103.4.1507",NA,"invalid_identifier","doi_r is not a valid DOI and does not contain handle.net/"
"10.1257/pol.20180594",NA,"invalid_identifier","doi_r is not a valid DOI and does not contain handle.net/"
"10.1257/pol.20210812",NA,"invalid_identifier","doi_r is not a valid DOI and does not contain handle.net/"
"10.1257/pol.20200559",NA,"invalid_identifier","doi_r is not a valid DOI and does not contain handle.net/"
"10.1257/pol.20210129",NA,"invalid_identifier","doi_r is not a valid DOI and does not contain handle.net/"
"10.1257/pol.20200008",NA,"invalid_identifier","doi_r is not a valid DOI and does not contain handle.net/"
"10.1177/09567976241231506",NA,"invalid_identifier","doi_r is not a valid DOI and does not contain handle.net/"
"10.1093/ej/ueae060",NA,"invalid_identifier","doi_r is not a valid DOI and does not contain handle.net/"
"10.1177/09567976231222288",NA,"invalid_identifier","doi_r is not a valid DOI and does not contain handle.net/"
"10.1038/s41562-023-01691-w",NA,"invalid_identifier","doi_r is not a valid DOI and does not contain handle.net/"
"10.1257/app.20210571",NA,"invalid_identifier","doi_r is not a valid DOI and does not contain handle.net/"
"10.1257/app.20130126",NA,"invalid_identifier","doi_r is not a valid DOI and does not contain handle.net/"
"10.1016/j.biopsycho.2018.08.007",NA,"invalid_identifier","doi_r is not a valid DOI and does not contain handle.net/"
"10.1016/j.nlm.2017.09.009",NA,"invalid_identifier","doi_r is not a valid DOI and does not contain handle.net/"
"10.1037/0022-3514.50.3.502",NA,"invalid_identifier","doi_r is not a valid DOI and does not contain handle.net/"
"10.1037/0022-3514.71.2.230",NA,"invalid_identifier","doi_r is not a valid DOI and does not contain handle.net/"
"10.1037/0022-3514.74.3.774",NA,"invalid_identifier","doi_r is not a valid DOI and does not contain handle.net/"
"10.1037/0022-3514.77.2.221",NA,"invalid_identifier","doi_r is not a valid DOI and does not contain handle.net/"
"10.1037/0096-3445.136.2.289",NA,"invalid_identifier","doi_r is not a valid DOI and does not contain handle.net/"
"10.1037/0278-6133.3.5.431",NA,"invalid_identifier","doi_r is not a valid DOI and does not contain handle.net/"
"10.1037/a0023527",NA,"invalid_identifier","doi_r is not a valid DOI and does not contain handle.net/"
"10.1037/h0055756",NA,"invalid_identifier","doi_r is not a valid DOI and does not contain handle.net/"
"10.1075/resla.17019.loz",NA,"invalid_identifier","doi_r is not a valid DOI and does not contain handle.net/"
"10.1093/jcr/ucaa006",NA,"invalid_identifier","doi_r is not a valid DOI and does not contain handle.net/"
"10.1093/jcr/ucaa019",NA,"invalid_identifier","doi_r is not a valid DOI and does not contain handle.net/"
"10.1093/jcr/ucy082",NA,"invalid_identifier","doi_r is not a valid DOI and does not contain handle.net/"
"10.1093/jcr/ucz022",NA,"invalid_identifier","doi_r is not a valid DOI and does not contain handle.net/"
"10.1093/jcr/ucz028",NA,"invalid_identifier","doi_r is not a valid DOI and does not contain handle.net/"
"10.1093/jcr/ucz031",NA,"invalid_identifier","doi_r is not a valid DOI and does not contain handle.net/"
"10.1111/j.1467-9280.2008.02091.x",NA,"invalid_identifier","doi_r is not a valid DOI and does not contain handle.net/"
"10.1111/j.1467-9280.2008.02227.x",NA,"invalid_identifier","doi_r is not a valid DOI and does not contain handle.net/"
"10.1111/j.1467-9280.2008.02227.x",NA,"invalid_identifier","doi_r is not a valid DOI and does not contain handle.net/"
"10.1111/j.1467-9280.2008.02227.x",NA,"invalid_identifier","doi_r is not a valid DOI and does not contain handle.net/"
"10.1126/science.1130726",NA,"invalid_identifier","doi_r is not a valid DOI and does not contain handle.net/"
"10.1126/science.1239918",NA,"invalid_identifier","doi_r is not a valid DOI and does not contain handle.net/"
"10.1177/0022243718813544",NA,"invalid_identifier","doi_r is not a valid DOI and does not contain handle.net/"
"10.1177/0022243720904758",NA,"invalid_identifier","doi_r is not a valid DOI and does not contain handle.net/"
"10.1177/0022243720932532",NA,"invalid_identifier","doi_r is not a valid DOI and does not contain handle.net/"
"10.3758/s13414-020-02150-8",NA,"invalid_identifier","doi_r is not a valid DOI and does not contain handle.net/"
"10.51548/joctec-2021-016",NA,"invalid_identifier","doi_r is not a valid DOI and does not contain handle.net/"
"scholars.indianastate.edu/etds/2136",NA,"invalid_identifier","doi_r is not a valid DOI and does not contain handle.net/"
"thekeep.eiu.edu/theses/4783",NA,"invalid_identifier","doi_r is not a valid DOI and does not contain handle.net/"
"thekeep.eiu.edu/theses/4783",NA,"invalid_identifier","doi_r is not a valid DOI and does not contain handle.net/"
"10.1016/j.obhdp.2014.04.002",NA,"invalid_identifier","doi_r is not a valid DOI and does not contain handle.net/"
"10.1037/pspi0000121",NA,"invalid_identifier","doi_r is not a valid DOI and does not contain handle.net/"
"10.1016/j.obhdp.2015.07.006",NA,"invalid_identifier","doi_r is not a valid DOI and does not contain handle.net/"
"10.1016/j.obhdp.2017.01.005",NA,"invalid_identifier","doi_r is not a valid DOI and does not contain handle.net/"
"10.3102/0002831210374874",NA,"invalid_identifier","doi_r is not a valid DOI and does not contain handle.net/"
"10.1509/jmkr.46.2.247",NA,"invalid_identifier","doi_r is not a valid DOI and does not contain handle.net/"
"10.1509/jmr.14.0130",NA,"invalid_identifier","doi_r is not a valid DOI and does not contain handle.net/"
"10.1509/jmkr.47.2.348",NA,"invalid_identifier","doi_r is not a valid DOI and does not contain handle.net/"
"10.1037/xge0000466",NA,"invalid_identifier","doi_r is not a valid DOI and does not contain handle.net/"
"10.1093/esr/jcs057",NA,"invalid_identifier","doi_r is not a valid DOI and does not contain handle.net/"
"10.1093/esr/jcx078",NA,"invalid_identifier","doi_r is not a valid DOI and does not contain handle.net/"
"10.1016/j.socscimed.2017.03.014",NA,"invalid_identifier","doi_r is not a valid DOI and does not contain handle.net/"
"10.1093/rfs/hhp008",NA,"invalid_identifier","doi_r is not a valid DOI and does not contain handle.net/"
"10.1257/aer.20170029",NA,"invalid_identifier","doi_r is not a valid DOI and does not contain handle.net/"
"10.1093/sf/sou074",NA,"invalid_identifier","doi_r is not a valid DOI and does not contain handle.net/"
"10.3102/0002831208323278",NA,"invalid_identifier","doi_r is not a valid DOI and does not contain handle.net/"
"10.3102/0002831211419490",NA,"invalid_identifier","doi_r is not a valid DOI and does not contain handle.net/"
"10.1037/pspa0000093",NA,"invalid_identifier","doi_r is not a valid DOI and does not contain handle.net/"
"10.1177/0956797615581491",NA,"invalid_identifier","doi_r is not a valid DOI and does not contain handle.net/"
"10.1017/s0043887112000032",NA,"invalid_identifier","doi_r is not a valid DOI and does not contain handle.net/"
"10.1111/j.1741-3737.2012.00990.x",NA,"invalid_identifier","doi_r is not a valid DOI and does not contain handle.net/"
"10.1017/s0007123411000421",NA,"invalid_identifier","doi_r is not a valid DOI and does not contain handle.net/"
"10.1177/0010414017740603",NA,"invalid_identifier","doi_r is not a valid DOI and does not contain handle.net/"
"10.1017/s0007123412000191",NA,"invalid_identifier","doi_r is not a valid DOI and does not contain handle.net/"
"10.1086/597176",NA,"invalid_identifier","doi_r is not a valid DOI and does not contain handle.net/"
"10.1111/j.1741-3737.2012.01034.x",NA,"invalid_identifier","doi_r is not a valid DOI and does not contain handle.net/"
"10.1177/0010414013516928",NA,"invalid_identifier","doi_r is not a valid DOI and does not contain handle.net/"
"10.1016/j.worlddev.2016.03.006",NA,"invalid_identifier","doi_r is not a valid DOI and does not contain handle.net/"
"10.1086/698750",NA,"invalid_identifier","doi_r is not a valid DOI and does not contain handle.net/"
"10.1017/s0003055412000299",NA,"invalid_identifier","doi_r is not a valid DOI and does not contain handle.net/"
"10.1017/s0003055410000262",NA,"invalid_identifier","doi_r is not a valid DOI and does not contain handle.net/"
"10.1037/a0018983",NA,"invalid_identifier","doi_r is not a valid DOI and does not contain handle.net/"
"10.1017/s0033291713000202",NA,"invalid_identifier","doi_r is not a valid DOI and does not contain handle.net/"
"10.1093/jcr/ucx067",NA,"invalid_identifier","doi_r is not a valid DOI and does not contain handle.net/"
"10.3102/0002831209350493",NA,"invalid_identifier","doi_r is not a valid DOI and does not contain handle.net/"
"10.1007/s10683-011-9281-9",NA,"invalid_identifier","doi_r is not a valid DOI and does not contain handle.net/"
"10.1111/1745-9125.12008",NA,"invalid_identifier","doi_r is not a valid DOI and does not contain handle.net/"
"10.1016/j.cognition.2017.12.004",NA,"invalid_identifier","doi_r is not a valid DOI and does not contain handle.net/"
"10.1016/j.leaqua.2009.06.005",NA,"invalid_identifier","doi_r is not a valid DOI and does not contain handle.net/"
"10.1002/per.758",NA,"invalid_identifier","doi_r is not a valid DOI and does not contain handle.net/"
"10.1002/per.1902",NA,"invalid_identifier","doi_r is not a valid DOI and does not contain handle.net/"
"10.1257/app.20150517",NA,"invalid_identifier","doi_r is not a valid DOI and does not contain handle.net/"
"10.1177/2167702614545216",NA,"invalid_identifier","doi_r is not a valid DOI and does not contain handle.net/"
"10.1002/per.2062",NA,"invalid_identifier","doi_r is not a valid DOI and does not contain handle.net/"
"10.1037/apl0000082",NA,"invalid_identifier","doi_r is not a valid DOI and does not contain handle.net/"
"10.1037/xge0000157",NA,"invalid_identifier","doi_r is not a valid DOI and does not contain handle.net/"
"10.1016/j.evolhumbehav.2010.05.002",NA,"invalid_identifier","doi_r is not a valid DOI and does not contain handle.net/"
"10.1016/j.worlddev.2010.05.011",NA,"invalid_identifier","doi_r is not a valid DOI and does not contain handle.net/"
"10.1257/aer.20130267",NA,"invalid_identifier","doi_r is not a valid DOI and does not contain handle.net/"
"10.5465/amj.2016.0086",NA,"invalid_identifier","doi_r is not a valid DOI and does not contain handle.net/"
"10.1177/0003122414558919",NA,"invalid_identifier","doi_r is not a valid DOI and does not contain handle.net/"
"10.1177/0956797609359908",NA,"invalid_identifier","doi_r is not a valid DOI and does not contain handle.net/"
"10.1509/jmkr.46.1.37",NA,"invalid_identifier","doi_r is not a valid DOI and does not contain handle.net/"
"10.1016/j.socscimed.2015.11.051",NA,"invalid_identifier","doi_r is not a valid DOI and does not contain handle.net/"
"10.1017/xps.2014.22",NA,"invalid_identifier","doi_r is not a valid DOI and does not contain handle.net/"
"10.1086/597030",NA,"invalid_identifier","doi_r is not a valid DOI and does not contain handle.net/"
"10.1086/658469",NA,"invalid_identifier","doi_r is not a valid DOI and does not contain handle.net/"
"10.1037/a0025035",NA,"invalid_identifier","doi_r is not a valid DOI and does not contain handle.net/"
"10.1016/j.obhdp.2013.10.003",NA,"invalid_identifier","doi_r is not a valid DOI and does not contain handle.net/"
"10.1509/jmr.12.0430",NA,"invalid_identifier","doi_r is not a valid DOI and does not contain handle.net/"
"10.1037/a0028964",NA,"invalid_identifier","doi_r is not a valid DOI and does not contain handle.net/"
"10.1016/j.cognition.2010.05.005",NA,"invalid_identifier","doi_r is not a valid DOI and does not contain handle.net/"
"10.1016/j.evolhumbehav.2009.01.004",NA,"invalid_identifier","doi_r is not a valid DOI and does not contain handle.net/"
"10.1016/j.leaqua.2010.03.005",NA,"invalid_identifier","doi_r is not a valid DOI and does not contain handle.net/"
"10.1111/ajps.12252",NA,"invalid_identifier","doi_r is not a valid DOI and does not contain handle.net/"
"10.1093/jcr/ucx109",NA,"invalid_identifier","doi_r is not a valid DOI and does not contain handle.net/"
"10.1002/job.2118",NA,"invalid_identifier","doi_r is not a valid DOI and does not contain handle.net/"
"10.1086/698750",NA,"invalid_identifier","doi_r is not a valid DOI and does not contain handle.net/"
"10.1093/esr/jcw008",NA,"invalid_identifier","doi_r is not a valid DOI and does not contain handle.net/"
"10.1509/jmkr.48.2.403",NA,"invalid_identifier","doi_r is not a valid DOI and does not contain handle.net/"
"10.1016/j.socscimed.2010.08.007",NA,"invalid_identifier","doi_r is not a valid DOI and does not contain handle.net/"
"10.1016/j.jesp.2009.07.002",NA,"invalid_identifier","doi_r is not a valid DOI and does not contain handle.net/"
"10.1017/s0003055412000299",NA,"invalid_identifier","doi_r is not a valid DOI and does not contain handle.net/"
"10.1086/653487",NA,"invalid_identifier","doi_r is not a valid DOI and does not contain handle.net/"
"10.1016/j.jesp.2010.11.006",NA,"invalid_identifier","doi_r is not a valid DOI and does not contain handle.net/"
"10.1017/s0043887112000032",NA,"invalid_identifier","doi_r is not a valid DOI and does not contain handle.net/"
"10.1002/per.803",NA,"invalid_identifier","doi_r is not a valid DOI and does not contain handle.net/"
"10.1017/xps.2017.21",NA,"invalid_identifier","doi_r is not a valid DOI and does not contain handle.net/"
"10.1007/s13524-018-0725-0",NA,"invalid_identifier","doi_r is not a valid DOI and does not contain handle.net/"
"10.1016/j.jenvp.2014.10.008",NA,"invalid_identifier","doi_r is not a valid DOI and does not contain handle.net/"
"10.1016/j.compedu.2014.04.009",NA,"invalid_identifier","doi_r is not a valid DOI and does not contain handle.net/"
"10.1016/j.evolhumbehav.2016.06.001",NA,"invalid_identifier","doi_r is not a valid DOI and does not contain handle.net/"
"10.1016/j.jesp.2018.08.007",NA,"invalid_identifier","doi_r is not a valid DOI and does not contain handle.net/"
"10.1016/j.cognition.2010.11.011",NA,"invalid_identifier","doi_r is not a valid DOI and does not contain handle.net/"
"10.1007/s13524-011-0026-3",NA,"invalid_identifier","doi_r is not a valid DOI and does not contain handle.net/"
"10.1287/orsc.1080.0377",NA,"invalid_identifier","doi_r is not a valid DOI and does not contain handle.net/"
"10.1016/j.jfineco.2014.05.008",NA,"invalid_identifier","doi_r is not a valid DOI and does not contain handle.net/"
"10.1016/j.jesp.2012.08.013",NA,"invalid_identifier","doi_r is not a valid DOI and does not contain handle.net/"
"10.1177/09567976221082637","10.1098/rsos.231240","boyce_exclusion","Multi-study paper: Eleven years of student replication projects"
"10.1016/0010-0285(83)90002-6","10.1098/rsos.231240","boyce_exclusion","Multi-study paper: Eleven years of student replication projects"
"10.1016/j.cognition.2016.06.011","10.1098/rsos.231240","boyce_exclusion","Multi-study paper: Eleven years of student replication projects"
"10.1016/j.cognition.2017.06.025","10.1098/rsos.231240","boyce_exclusion","Multi-study paper: Eleven years of student replication projects"
"10.1016/j.ecresq.2019.10.004","10.1098/rsos.231240","boyce_exclusion","Multi-study paper: Eleven years of student replication projects"
"10.1016/j.jesp.2018.05.006","10.1098/rsos.231240","boyce_exclusion","Multi-study paper: Eleven years of student replication projects"
"10.1016/j.jesp.2020.104019","10.1098/rsos.231240","boyce_exclusion","Multi-study paper: Eleven years of student replication projects"
"10.1016/j.jesp.2020.104080","10.1098/rsos.231240","boyce_exclusion","Multi-study paper: Eleven years of student replication projects"
"10.1016/j.jml.2006.02.004","10.1098/rsos.231240","boyce_exclusion","Multi-study paper: Eleven years of student replication projects"
"10.1016/j.neuroimage.2006.11.048","10.1098/rsos.231240","boyce_exclusion","Multi-study paper: Eleven years of student replication projects"
"10.1016/j.neuropsychologia.2009.05.011","10.1098/rsos.231240","boyce_exclusion","Multi-study paper: Eleven years of student replication projects"
"10.1016/j.obhdp.2010.10.001","10.1098/rsos.231240","boyce_exclusion","Multi-study paper: Eleven years of student replication projects"
"10.1016/s0010-0277(03)00064-7","10.1098/rsos.231240","boyce_exclusion","Multi-study paper: Eleven years of student replication projects"
"10.1037/0022-3514.77.4.785","10.1098/rsos.231240","boyce_exclusion","Multi-study paper: Eleven years of student replication projects"
"10.1037/0022-3514.94.2.94.2.196","10.1098/rsos.231240","boyce_exclusion","Multi-study paper: Eleven years of student replication projects"
"10.1037/0022-3514.94.2.94.2.231","10.1098/rsos.231240","boyce_exclusion","Multi-study paper: Eleven years of student replication projects"
"10.1037/0022-3514.94.3.396","10.1098/rsos.231240","boyce_exclusion","Multi-study paper: Eleven years of student replication projects"
"10.1037/0022-3514.94.3.495","10.1098/rsos.231240","boyce_exclusion","Multi-study paper: Eleven years of student replication projects"
"10.1037/0022-3514.95.1.76","10.1098/rsos.231240","boyce_exclusion","Multi-study paper: Eleven years of student replication projects"
"10.1037/0022-3514.95.2.293","10.1098/rsos.231240","boyce_exclusion","Multi-study paper: Eleven years of student replication projects"
"10.1037/0278-7393.34.1.146","10.1098/rsos.231240","boyce_exclusion","Multi-study paper: Eleven years of student replication projects"
"10.1037/a0012833","10.1098/rsos.231240","boyce_exclusion","Multi-study paper: Eleven years of student replication projects"
"10.1037/a0016795","10.1098/rsos.231240","boyce_exclusion","Multi-study paper: Eleven years of student replication projects"
"10.1037/a0025345","10.1098/rsos.231240","boyce_exclusion","Multi-study paper: Eleven years of student replication projects"
"10.1037/a0028216","10.1098/rsos.231240","boyce_exclusion","Multi-study paper: Eleven years of student replication projects"
"10.1037/a0029649","10.1098/rsos.231240","boyce_exclusion","Multi-study paper: Eleven years of student replication projects"
"10.1037/a0031047","10.1098/rsos.231240","boyce_exclusion","Multi-study paper: Eleven years of student replication projects"
"10.1037/a0032108","10.1098/rsos.231240","boyce_exclusion","Multi-study paper: Eleven years of student replication projects"
"10.1037/a0035663","10.1098/rsos.231240","boyce_exclusion","Multi-study paper: Eleven years of student replication projects"
"10.1037/pspi0000081","10.1098/rsos.231240","boyce_exclusion","Multi-study paper: Eleven years of student replication projects"
"10.1037/xge0000064","10.1098/rsos.231240","boyce_exclusion","Multi-study paper: Eleven years of student replication projects"
"10.1037/xge0000263","10.1098/rsos.231240","boyce_exclusion","Multi-study paper: Eleven years of student replication projects"
"10.1037/xge0000738","10.1098/rsos.231240","boyce_exclusion","Multi-study paper: Eleven years of student replication projects"
"10.1037/xge0001195","10.1098/rsos.231240","boyce_exclusion","Multi-study paper: Eleven years of student replication projects"
"10.1038/s41467-021-27323-3","10.1098/rsos.231240","boyce_exclusion","Multi-study paper: Eleven years of student replication projects"
"10.1038/s41598-018-30314-y","10.1098/rsos.231240","boyce_exclusion","Multi-study paper: Eleven years of student replication projects"
"10.1038/s41598-019-57204-1","10.1098/rsos.231240","boyce_exclusion","Multi-study paper: Eleven years of student replication projects"
"10.1073/pnas.0908963106","10.1098/rsos.231240","boyce_exclusion","Multi-study paper: Eleven years of student replication projects"
"10.1073/pnas.1118373109","10.1098/rsos.231240","boyce_exclusion","Multi-study paper: Eleven years of student replication projects"
"10.1073/pnas.1202129109","10.1098/rsos.231240","boyce_exclusion","Multi-study paper: Eleven years of student replication projects"
"10.1073/pnas.1216438110","10.1098/rsos.231240","boyce_exclusion","Multi-study paper: Eleven years of student replication projects"
"10.1073/pnas.1523698113","10.1098/rsos.231240","boyce_exclusion","Multi-study paper: Eleven years of student replication projects"
"10.1073/pnas.2009030117","10.1098/rsos.231240","boyce_exclusion","Multi-study paper: Eleven years of student replication projects"
"10.1073/pnas.2014505117","10.1098/rsos.231240","boyce_exclusion","Multi-study paper: Eleven years of student replication projects"
"10.1080/23273798.2018.1431397","10.1098/rsos.231240","boyce_exclusion","Multi-study paper: Eleven years of student replication projects"
"10.1086/511799","10.1098/rsos.231240","boyce_exclusion","Multi-study paper: Eleven years of student replication projects"
"10.1089/cyber.2016.0530","10.1098/rsos.231240","boyce_exclusion","Multi-study paper: Eleven years of student replication projects"
"10.1093/geronb/gbx099","10.1098/rsos.231240","boyce_exclusion","Multi-study paper: Eleven years of student replication projects"
"10.1093/workar/waac024","10.1098/rsos.231240","boyce_exclusion","Multi-study paper: Eleven years of student replication projects"
"10.1111/1467-9280.02436","10.1098/rsos.231240","boyce_exclusion","Multi-study paper: Eleven years of student replication projects"
"10.1111/cogs.12605","10.1098/rsos.231240","boyce_exclusion","Multi-study paper: Eleven years of student replication projects"
"10.1111/ecin.12470","10.1098/rsos.231240","boyce_exclusion","Multi-study paper: Eleven years of student replication projects"
"10.1111/j.1467-9280.2007.01909.x","10.1098/rsos.231240","boyce_exclusion","Multi-study paper: Eleven years of student replication projects"
"10.1111/j.1467-9280.2007.01909.x","10.1098/rsos.231240","boyce_exclusion","Multi-study paper: Eleven years of student replication projects"
"10.1111/j.1467-9280.2008.02039.x","10.1098/rsos.231240","boyce_exclusion","Multi-study paper: Eleven years of student replication projects"
"10.1111/j.1467-9280.2008.02040.x","10.1098/rsos.231240","boyce_exclusion","Multi-study paper: Eleven years of student replication projects"
"10.1111/j.1467-9280.2008.02157.x","10.1098/rsos.231240","boyce_exclusion","Multi-study paper: Eleven years of student replication projects"
"10.1111/j.1467-9280.2008.02227.x","10.1098/rsos.231240","boyce_exclusion","Multi-study paper: Eleven years of student replication projects"
"10.1111/j.1551-6709.2010.01161.x","10.1098/rsos.231240","boyce_exclusion","Multi-study paper: Eleven years of student replication projects"
"10.1111/j.1551-6709.2010.01164.x","10.1098/rsos.231240","boyce_exclusion","Multi-study paper: Eleven years of student replication projects"
"10.1111/j.1551-6709.2011.01210.x","10.1098/rsos.231240","boyce_exclusion","Multi-study paper: Eleven years of student replication projects"
"10.1126/science.1132491","10.1098/rsos.231240","boyce_exclusion","Multi-study paper: Eleven years of student replication projects"
"10.1126/science.1238041","10.1098/rsos.231240","boyce_exclusion","Multi-study paper: Eleven years of student replication projects"
"10.1126/science.1250830","10.1098/rsos.231240","boyce_exclusion","Multi-study paper: Eleven years of student replication projects"
"10.1145/3173574.3174188","10.1098/rsos.231240","boyce_exclusion","Multi-study paper: Eleven years of student replication projects"
"10.1145/3290605.3300469","10.1098/rsos.231240","boyce_exclusion","Multi-study paper: Eleven years of student replication projects"
"10.1162/jocn_a_00709","10.1098/rsos.231240","boyce_exclusion","Multi-study paper: Eleven years of student replication projects"
"10.1177/0001839219840022","10.1098/rsos.231240","boyce_exclusion","Multi-study paper: Eleven years of student replication projects"
"10.1177/0093650215609676","10.1098/rsos.231240","boyce_exclusion","Multi-study paper: Eleven years of student replication projects"
"10.1177/0146167207309195","10.1098/rsos.231240","boyce_exclusion","Multi-study paper: Eleven years of student replication projects"
"10.1177/0146167214524992","10.1098/rsos.231240","boyce_exclusion","Multi-study paper: Eleven years of student replication projects"
"10.1177/0146167215580776","10.1098/rsos.231240","boyce_exclusion","Multi-study paper: Eleven years of student replication projects"
"10.1177/0956797609359908","10.1098/rsos.231240","boyce_exclusion","Multi-study paper: Eleven years of student replication projects"
"10.1177/0956797610397956","10.1098/rsos.231240","boyce_exclusion","Multi-study paper: Eleven years of student replication projects"
"10.1177/0956797611418350","10.1098/rsos.231240","boyce_exclusion","Multi-study paper: Eleven years of student replication projects"
"10.1177/0956797611428079","10.1098/rsos.231240","boyce_exclusion","Multi-study paper: Eleven years of student replication projects"
"10.1177/0956797611434540","10.1098/rsos.231240","boyce_exclusion","Multi-study paper: Eleven years of student replication projects"
"10.1177/0956797612445318","10.1098/rsos.231240","boyce_exclusion","Multi-study paper: Eleven years of student replication projects"
"10.1177/0956797612449177","10.1098/rsos.231240","boyce_exclusion","Multi-study paper: Eleven years of student replication projects"
"10.1177/0956797613494853","10.1098/rsos.231240","boyce_exclusion","Multi-study paper: Eleven years of student replication projects"
"10.1177/0956797613502732","10.1098/rsos.231240","boyce_exclusion","Multi-study paper: Eleven years of student replication projects"
"10.1177/0956797613508412","10.1098/rsos.231240","boyce_exclusion","Multi-study paper: Eleven years of student replication projects"
"10.1177/0956797614527113","10.1098/rsos.231240","boyce_exclusion","Multi-study paper: Eleven years of student replication projects"
"10.1177/0956797614534693","10.1098/rsos.231240","boyce_exclusion","Multi-study paper: Eleven years of student replication projects"
"10.1177/0956797614536739","10.1098/rsos.231240","boyce_exclusion","Multi-study paper: Eleven years of student replication projects"
"10.1177/0956797614547705","10.1098/rsos.231240","boyce_exclusion","Multi-study paper: Eleven years of student replication projects"
"10.1177/0956797614553009","10.1098/rsos.231240","boyce_exclusion","Multi-study paper: Eleven years of student replication projects"
"10.1177/0956797614554955","10.1098/rsos.231240","boyce_exclusion","Multi-study paper: Eleven years of student replication projects"
"10.1177/0956797614558718","10.1098/rsos.231240","boyce_exclusion","Multi-study paper: Eleven years of student replication projects"
"10.1177/0956797614559285","10.1098/rsos.231240","boyce_exclusion","Multi-study paper: Eleven years of student replication projects"
"10.1177/0956797614561266","10.1098/rsos.231240","boyce_exclusion","Multi-study paper: Eleven years of student replication projects"
"10.1177/0956797614563108","10.1098/rsos.231240","boyce_exclusion","Multi-study paper: Eleven years of student replication projects"
"10.1177/0956797614563958","10.1098/rsos.231240","boyce_exclusion","Multi-study paper: Eleven years of student replication projects"
"10.1177/0956797615569889","10.1098/rsos.231240","boyce_exclusion","Multi-study paper: Eleven years of student replication projects"
"10.1177/0956797615572231","10.1098/rsos.231240","boyce_exclusion","Multi-study paper: Eleven years of student replication projects"
"10.1177/0956797615585002","10.1098/rsos.231240","boyce_exclusion","Multi-study paper: Eleven years of student replication projects"
"10.1177/0956797615588195","10.1098/rsos.231240","boyce_exclusion","Multi-study paper: Eleven years of student replication projects"
"10.1177/0956797615598739","10.1098/rsos.231240","boyce_exclusion","Multi-study paper: Eleven years of student replication projects"
"10.1177/0956797615608267","10.1098/rsos.231240","boyce_exclusion","Multi-study paper: Eleven years of student replication projects"
"10.1177/0956797615617779","10.1098/rsos.231240","boyce_exclusion","Multi-study paper: Eleven years of student replication projects"
"10.1177/0956797615624492","10.1098/rsos.231240","boyce_exclusion","Multi-study paper: Eleven years of student replication projects"
"10.1177/0956797615624492","10.1098/rsos.231240","boyce_exclusion","Multi-study paper: Eleven years of student replication projects"
"10.1177/0956797615625640","10.1098/rsos.231240","boyce_exclusion","Multi-study paper: Eleven years of student replication projects"
"10.1177/0956797616630964","10.1098/rsos.231240","boyce_exclusion","Multi-study paper: Eleven years of student replication projects"
"10.1177/0956797616639727","10.1098/rsos.231240","boyce_exclusion","Multi-study paper: Eleven years of student replication projects"
"10.1177/0956797616640705","10.1098/rsos.231240","boyce_exclusion","Multi-study paper: Eleven years of student replication projects"
"10.1177/0956797616650875","10.1098/rsos.231240","boyce_exclusion","Multi-study paper: Eleven years of student replication projects"
"10.1177/0956797616651973","10.1098/rsos.231240","boyce_exclusion","Multi-study paper: Eleven years of student replication projects"
"10.1177/0956797616662271","10.1098/rsos.231240","boyce_exclusion","Multi-study paper: Eleven years of student replication projects"
"10.1177/0956797616667459","10.1098/rsos.231240","boyce_exclusion","Multi-study paper: Eleven years of student replication projects"
"10.1177/0956797616669947","10.1098/rsos.231240","boyce_exclusion","Multi-study paper: Eleven years of student replication projects"
"10.1177/0956797616674999","10.1098/rsos.231240","boyce_exclusion","Multi-study paper: Eleven years of student replication projects"
"10.1177/0956797617705399","10.1098/rsos.231240","boyce_exclusion","Multi-study paper: Eleven years of student replication projects"
"10.1177/0956797617728270","10.1098/rsos.231240","boyce_exclusion","Multi-study paper: Eleven years of student replication projects"
"10.1177/0956797618760784","10.1098/rsos.231240","boyce_exclusion","Multi-study paper: Eleven years of student replication projects"
"10.1177/0956797618779061","10.1098/rsos.231240","boyce_exclusion","Multi-study paper: Eleven years of student replication projects"
"10.1177/0956797618780643","10.1098/rsos.231240","boyce_exclusion","Multi-study paper: Eleven years of student replication projects"
"10.1177/0956797618788882","10.1098/rsos.231240","boyce_exclusion","Multi-study paper: Eleven years of student replication projects"
"10.1177/0956797618805750","10.1098/rsos.231240","boyce_exclusion","Multi-study paper: Eleven years of student replication projects"
"10.1177/0956797618806296","10.1098/rsos.231240","boyce_exclusion","Multi-study paper: Eleven years of student replication projects"
"10.1177/0956797618818484","10.1098/rsos.231240","boyce_exclusion","Multi-study paper: Eleven years of student replication projects"
"10.1177/0956797619854706","10.1098/rsos.231240","boyce_exclusion","Multi-study paper: Eleven years of student replication projects"
"10.1177/0956797619855382","10.1098/rsos.231240","boyce_exclusion","Multi-study paper: Eleven years of student replication projects"
"10.1177/0956797619856844","10.1098/rsos.231240","boyce_exclusion","Multi-study paper: Eleven years of student replication projects"
"10.1177/0956797619879441","10.1098/rsos.231240","boyce_exclusion","Multi-study paper: Eleven years of student replication projects"
"10.1177/0956797620927967","10.1098/rsos.231240","boyce_exclusion","Multi-study paper: Eleven years of student replication projects"
"10.1177/1747021817744546","10.1098/rsos.231240","boyce_exclusion","Multi-study paper: Eleven years of student replication projects"
"10.1177/1948550612457688","10.1098/rsos.231240","boyce_exclusion","Multi-study paper: Eleven years of student replication projects"
"10.1177/1948550619849426","10.1098/rsos.231240","boyce_exclusion","Multi-study paper: Eleven years of student replication projects"
"10.1287/mnsc.2019.3362","10.1098/rsos.231240","boyce_exclusion","Multi-study paper: Eleven years of student replication projects"
"10.1287/orsc.2021.1456","10.1098/rsos.231240","boyce_exclusion","Multi-study paper: Eleven years of student replication projects"
"10.1371/journal.pone.0071475","10.1098/rsos.231240","boyce_exclusion","Multi-study paper: Eleven years of student replication projects"
"10.1371/journal.pone.0154854","10.1098/rsos.231240","boyce_exclusion","Multi-study paper: Eleven years of student replication projects"
"10.1515/ling.2011.016","10.1098/rsos.231240","boyce_exclusion","Multi-study paper: Eleven years of student replication projects"
"10.3758/s13428-021-01694-3","10.1098/rsos.231240","boyce_exclusion","Multi-study paper: Eleven years of student replication projects"
"djaerv_2018","10.1098/rsos.231240","boyce_exclusion","Multi-study paper: Eleven years of student replication projects"
"escholarship.orgucitem39d347bk","10.1098/rsos.231240","boyce_exclusion","Multi-study paper: Eleven years of student replication projects"
"10.1177/0956797615573516","10.1098/rsos.231240","boyce_exclusion","Multi-study paper: Eleven years of student replication projects"
"10.1177/0956797615612202","10.1098/rsos.231240","boyce_exclusion","Multi-study paper: Eleven years of student replication projects"
"10.1177/0956797616685771","10.1098/rsos.231240","boyce_exclusion","Multi-study paper: Eleven years of student replication projects"
"10.1073/pnas.1118373109","10.1038/sdata.2016.120","retracted","Nature: Correction; Reason: Error in Analyses;Error in Results and/or Conclusions;"
"10.1016/0010-0285(72)90003-5","10.17605/osf.io/bu3gm","osf_registration","OSF GUID resolved to a registration, not a preprint/paper"
"10.1016/j.jesp.2009.05.003","10.17605/osf.io/xszk6","osf_registration","OSF GUID resolved to a registration, not a preprint/paper"
"10.1037/0022-3514.90.4.543","10.17605/osf.io/j9mfn","osf_registration","OSF GUID resolved to a registration, not a preprint/paper"
"10.1037/0096-3445.133.1.23","10.17605/osf.io/ahcpw","osf_registration","OSF GUID resolved to a registration, not a preprint/paper"
"10.1037/a0025883","10.17605/osf.io/w34fb","osf_registration","OSF GUID resolved to a registration, not a preprint/paper"
"10.1098/rspb.2022.0128","10.17605/osf.io/evdp5","osf_registration","OSF GUID resolved to a registration, not a preprint/paper"
"10.1111/j.1467-9280.2006.01704.x","10.17605/osf.io/fmd75","osf_registration","OSF GUID resolved to a registration, not a preprint/paper"
"10.1111/j.1467-9280.2008.02227.x","10.17605/osf.io/gea2s","osf_registration","OSF GUID resolved to a registration, not a preprint/paper"
"10.1111/j.1468-0068.2010.00795.x","10.17605/osf.io/39xuw","osf_registration","OSF GUID resolved to a registration, not a preprint/paper"
"10.1177/0146167215610520","10.17605/osf.io/e9d3k","osf_registration","OSF GUID resolved to a registration, not a preprint/paper"
"10.3389/fpsyg.2014.01276","10.17605/osf.io/j8a4p","osf_registration","OSF GUID resolved to a registration, not a preprint/paper"
"10.3389/fpsyg.2014.01276","10.17605/osf.io/uxajg","osf_registration","OSF GUID resolved to a registration, not a preprint/paper"
