"","doi_o","keywords","error"
"1","10.1177/0956797610363775","Intensity",NA
"2","10.1257/aer.101.2.470","Affect",NA
"3","10.1007/s10802-020-00712-w","Attentional Bias, Emotional valence",NA
"4","10.1126/science.1189993","Intrapersonal communication, Image schema",NA
"5","10.1111/j.1467-9280.2008.02043.x","Autobiographical Memory, Constructive, Cognitive aging, Chronesthesia",NA
"6","10.1037/a0012833","Rest (music)",NA
"7","10.1037/0022-3514.49.6.1621","Trait",NA
"8","10.5840/jphil20111081238","Causation",NA
"9","10.1037/0096-3445.136.4.569","Heuristics, Intuition",NA
"10","10.1111/j.1467-9280.2008.02062.x","Priming (agriculture), Negative priming, Processing fluency",NA
"11","10.1111/j.1467-9280.2008.02098.x","Representation, Feature (linguistics), Pooling, Centroid",NA
"12","10.1257/aer.102.7.3317","Punishment (psychology)",NA
"13","10.1073/pnas.1501592112","Blame",NA
"14","10.1037/0022-3514.94.3.545","Group conflict",NA
"15","10.1038/ng1808","Prostate cancer, Biology, Allele, Population, Incidence (geometry), Odds ratio, Genetics, Case-control study, Prostate, Demography",NA
"16","10.1037/a0029395","Overconfidence effect, Social status, Social comparison theory",NA
"17","10.1037/0022-3514.81.1.116","Physical attractiveness",NA
"18","10.1177/0956797611434537","Sociometric status, Social status, Admiration, Sociometry",NA
"19","10.2466/pms.109.2.577-580","Simple (philosophy), Cognition, Cognitive psychology, Psychology, Asymmetry, Computer science, Neuroscience, Physics, Epistemology, Quantum mechanics",NA
"20","10.1111/j.1467-9280.2008.02089.x","Appearance of impropriety, Value (mathematics)",NA
"21","10.1177/0956797620927967","Pseudoword",NA
"22","10.1037/0022-3514.63.6.989","Avoidance coping",NA
"23","10.1073/pnas.1805284115","Gender Bias, Gender Inequality, Foundation (evidence), Women in science",NA
"24","10.1177/0956797615588195","Self-knowledge, Phenomenon, Descriptive knowledge",NA
"25","10.1111/j.1551-6709.2010.01161.x","Sequence (biology), Alternative hypothesis",NA
"26","10.1037/0022-3514.95.1.76","Value (mathematics)",NA
"27","10.1126/science.1211180","Affirmative action, Harm, Reservation, Political science, Action (physics), Task (project management), Public administration, Demographic economics, Economics, Law",NA
"28","10.1073/pnas.1610834113","Skepticism, Environmentalism",NA
"29","10.1037/a0023527","Loneliness, Psychology, Feeling, Embodied cognition, Social psychology, Perception, Recall, Interpersonal communication, Developmental psychology, Cognitive psychology",NA
"30","10.1037/0022-3514.71.2.230","Automaticity, Trait, Stereotype (UML)",NA
"31","10.1037/a0019006","Sadness, Affect",NA
"32","10.1257/aer.102.2.834","Discretion, Competition (biology), Economics, Productivity, Labour economics, Work (physics), Microeconomics, Macroeconomics, Mechanical engineering, Ecology",NA
"33","10.1037/0278-7393.34.2.343","Priming (agriculture)",NA
"34","10.1177/0956797611429579","Consumerism",NA
"35","10.1037/0278-7393.34.1.219","Similarity (geometry), Confusion, Feature (linguistics), Word length",NA
"36","10.1111/j.1468-0017.2010.01398.x","Experimental philosophy, Affect",NA
"37","10.1017/epi.2013.23","Experimental philosophy",NA
"38","10.1177/0146167215580776","Self-enhancement, Attitude Change, Negative feedback, Self-Construal, Goal pursuit",NA
"39","10.1037/0893-3200.17.4.460","Openness to experience, Life course approach, Adult Development, Personality development, Early adulthood",NA
"40","10.1037/a0021524","Stimulus (psychology)",NA
"41","10.1037/0278-7393.34.1.97","Priming (agriculture), Identification, Negative priming",NA
"42","10.1111/j.1467-9280.2007.01909.x","False belief",NA
"43","10.1080/09515089.2014.894431","Internalism and externalism",NA
"44","10.1111/j.1467-8624.2007.00995.x","Implicit personality theory, Longitudinal Study",NA
"45","10.1016/j.neuroimage.2006.11.048","Sadness, Expressive Suppression, Negative emotion, Inferior frontal gyrus, Superior frontal gyrus, Association (psychology)",NA
"46","10.1016/j.jarmac.2021.08.001","Misinformation, Eyewitness identification, Eyewitness memory, Eyewitness testimony",NA
"47","10.1037/0022-3514.94.2.94.2.196","Value (mathematics), Attitude Change, Persuasive communication, Need for cognition",NA
"48","10.1007/s11150-021-09593-4","Positive parenting, Investment, Parenting skills",NA
"49","10.1016/s0010-0277(99)00073-6","Structuring, Conceptual metaphor",NA
"50","10.1073/pnas.1717092115","Food craving, Food Choice, Calorie, Cognitive Training",NA
"51","10.1080/026999398379411","Attentional Bias, Trait anxiety, Stimulus (psychology), Dysphoria, Vigilance (psychology), Trait",NA
"52","10.1177/0956797610397956","Representation, Statistic, Constructive, Display size",NA
"53","10.1037/a0029649","Representation, Feature (linguistics)",NA
"54","10.1016/j.paid.2010.07.033","Gratitude, Forgiveness",NA
"55","10.1111/j.1467-9280.2008.02060.x","Impromptu, Physical attractiveness, Evolutionary Psychology",NA
"56","10.1177/0956797616674999","Opposition (politics), Argument (complex analysis)",NA
"57","10.1073/pnas.1103343108","Turnout, Voter turnout, Personal identity",NA
"58","10.1111/nous.12017","Citation, Computer science, Library science",NA
"59","10.1109/TSE.2016.2527791","Program comprehension, Cloze test",NA
"60","10.1111/j.1467-9280.2008.02041.x","Dynamics",NA
"61","10.1037/0278-7393.34.1.237","Stimulus (psychology)",NA
"62","10.1037/0022-3514.45.4.805","Persuasive communication, Need for cognition, Attitude Change",NA
"63","10.1037/0278-7393.34.3.546","Factoring, Representation",NA
"64","10.1177/0956797618805750","Odds, Statistician",NA
"65","10.1016/j.paid.2004.08.012","Prosocial Behavior, Agreeableness, Value (mathematics)",NA
"66","10.1177/0956797610383437","Expansive",NA
"67","10.1177/1948550609360261","Trustworthiness, Job interview, Empirical Research",NA
"68","10.1037/a0027407","Experiential learning, Psychology, Clothing, Social psychology, Centrality, Pedagogy, Mathematics, Archaeology, Combinatorics, History",NA
"69","10.1177/0956797611414726","Flag (linear algebra), Priming (agriculture), Presidential election",NA
"70","10.1037/a0029288","Disadvantaged, Free market, Social system",NA
"71","10.1016/j.paid.2021.111472","Worry, Replicate",NA
"72","10.1177/0956797615569889","Retrieval-induced forgetting, Thought suppression, Distressing, Autobiographical Memory, Cued speech, Inhibitory control, Motivated forgetting",NA
"73","10.1037/0022-3514.94.4.560","Priming (agriculture)",NA
"74","10.1086/669476","Advertising, Product (mathematics), Psychology, Marketing, Business, Mathematics, Geometry",NA
"75","10.1073/pnas.1616921114","Mindset, Crowding out, Crowding, Prosocial Behavior, Altruism, Economic shortage",NA
"76","10.1257/aer.101.4.1211","Blame, Lying",NA
"77","10.1257/aer.101.6.2562","Coordination game, Ingroups and outgroups, Collective identity",NA
"78","10.1073/pnas.1607330114","Calorie, Social status, Overconsumption, Food Choice, Consumption",NA
"79","10.1177/0146167215610520","SWORD",NA
"80","10.1080/23273798.2018.1431397","Emotional valence",NA
"81","10.1177/0956797615625640","Unemployment, Psychology, Context (archaeology), Mediation, Social psychology, Demographic economics, Economics, Economic growth, Political science, Geography",NA
"82","10.1037/h0076284","Reciprocal, Social approval, Reciprocal inhibition, Impression formation",NA
"83","10.1509/jmr.13.0023","Logo (programming language), Logos Bible Software, Brand Engagement, Congruence (geometry)",NA
"84","10.1177/0022243720904758","Skepticism, Regulatory focus theory",NA
"85","10.1207/s15327795jra0303_2","Psychology, Identity (music), Personality, Social psychology, Big Five personality traits, Clinical psychology, Physics, Acoustics",NA
"86","10.1037/10423-008","Factor (programming language)",NA
"87","10.1073/pnas.2120668119","Diversity (politics), Species evenness, Portfolio, Psychology, Health and Retirement Study, Social psychology, Inclusion (mineral), Species richness, Sociology, Demography",NA
"88","10.1016/S0272-6963(97)00033-8","Benchmarking, Empirical Research, Factory (object-oriented programming), Simplicity",NA
"89","10.1037/0278-7393.34.2.302","Facilitation, Inhibition of return, Inhibitory control, Response inhibition, Negative priming, Attentional control",NA
"90","10.1017/S1930297500005064","Decoy, Salience (neuroscience), Hindsight bias, Priming (agriculture), Debiasing",NA
"91","10.1509/jppm.16.157","Scarcity",NA
"92","10.1073/pnas.1606574113","Psychology, Economics",NA
"93","10.1111/bjhp.12185","Psychology, Cognitive psychology",NA
"94","10.1037/0022-3514.94.1.48","Prejudice (legal term)",NA
"95","10.1086/511799","Salary",NA
"96","10.1037/0278-7393.34.3.524","Repetition (rhetorical device), Sequence (biology)",NA
"97","10.1037/0022-3514.94.4.696","Mortality Salience, Terror Management Theory, Safe haven, Salience (neuroscience), Romance, Insecure attachment",NA
"98","10.1177/0956797614527113","Conservatism, Salience (neuroscience), White (mutation), Minority group, Demographics",NA
"99","10.1002/bdm.586","Anchoring, Value (mathematics), Affect",NA
"100","10.1177/1948550612457688","Moral character, Certainty, Value (mathematics)",NA
"101","10.1016/j.econedurev.2005.05.008","Coursework, Student Achievement",NA
"102","10.1111/j.1467-9280.2008.02072.x","Offensive",NA
"103","10.1037/0022-3514.45.4.782","Social approval",NA
"104","10.1111/j.1467-9280.2008.02061.x","Negative information, Negativity bias, Negativity effect",NA
"105","10.1073/pnas.1511536112","Generosity, Entitlement (fair division)",NA
"106","10.1111/j.1467-9280.2008.02039.x","Value (mathematics), Frequency",NA
"107","10.1111/j.1551-6709.2010.01164.x","Negation, Falsity, Dynamics, Operator (biology)",NA
"108","10.1111/lang.12161","ABX test, Phonological rule, Sentence processing",NA
"109","10.1002/jeab.705","Stimulus (psychology), CLARITY",NA
"110","10.1257/aer.104.11.3434","Veto, Rank (graph theory)",NA
"111","10.1037/0033-2909.124.2.197","Agreeableness, Subjective Well-Being, Affect",NA
"112","10.1016/j.jesp.2011.11.012","Affect, Time perception",NA
"113","10.1016/j.jesp.2009.05.003","Hostility, KISS (TNC)",NA
"114","10.1037/0278-7393.34.1.167","Dynamic decision-making, Identification",NA
"115","10.1111/j.1467-9280.2008.02050.x","Auditory perception",NA
"116","10.1038/nature12774","Trait, Cultural group selection",NA
"117","10.1111/j.1467-9280.2008.02066.x","Bridge (graph theory), Square (algebra)",NA
"118","10.1177/09567976221082941","Beauty, Exploratory research, Representation",NA
"119","10.1037/0278-7393.34.3.460","Misattribution of memory, Stereotype (UML), TRACE (psycholinguistics), Engram",NA
"120","10.1257/aer.104.6.1735","Wright",NA
"121","10.1016/j.cognition.2014.09.006","Social dilemma",NA
"122","10.1257/aer.101.2.526","Credence good, Credence, Market Efficiency",NA
"123","10.1126/science.1221936","Mnemonic, Penumbra, Memory Formation, False Memory",NA
"124","10.1093/jcr/ucv023","Treasury, Investment, Parental investment, Value (mathematics), Risk Aversion",NA
"125","10.1177/0956797616669947","Ambivalence",NA
"126","10.1037/0003-066X.54.6.408",NA,"HTTP 404: <!doctype html>
<html lang=en>
<title>404 Not Found</title>
<h1>Not Found</h1>
<p>The requested URL was not found on the server. If you entered the URL manually please check your spelling and try again.</p>
"
"127","10.1037/0022-3514.94.2.245","Physical attractiveness, Romance, Introspection, Sexual attraction, Value (mathematics), Interpersonal attraction",NA
"128","10.1145/3105726.3106182","Disk formatting, Syntax error",NA
"129","10.1111/j.1467-9280.2008.02078.x","Automaticity, Goal pursuit, Facilitation, Subliminal stimuli, Implicit Learning",NA
"130","10.1086/661531","Depiction",NA
"131","10.1037/a0019689","Romance",NA
"132","10.1073/pnas.0908963106","Repetition (rhetorical device)",NA
"133","10.1111/j.1467-9280.2006.01704.x","Anchoring, Value (mathematics)",NA
"134","10.1111/j.1467-9280.2008.02056.x","Psychology, Reproduction, Connection (principal bundle), Social psychology, Communication, Developmental psychology, Cognitive psychology, Cognitive science, Ecology, Structural engineering",NA
"135","10.1093/qje/qjr034","Willingness to accept, Reference price",NA
"136","10.1037/0022-3514.94.1.158","Socioemotional selectivity theory, Emotional contagion",NA
"137","10.1111/j.1467-9280.2008.02051.x","Identification, Foot (prosody), ENCODE",NA
"138","10.1093/jcr/ucaa019","Leisure time",NA
"139","10.1037/0022-3514.94.3.495","Forgiveness, Wrongdoing",NA
"140","10.1007/s40732-020-00453-8","Disequilibrium, Generality",NA
"141","10.1037/0278-7393.34.1.128","Serial position effect, Recall test, Context-dependent memory",NA
"142","10.1111/j.1467-9280.2008.02092.x","Psychology, Perception, Nonverbal communication, Social perception, Meaning (existential), Social psychology, Sexual behavior, Developmental psychology, Neuroscience, Psychotherapist",NA
"143","10.1016/j.obhdp.2018.10.004","Language Change, Hierarchical organization, Social hierarchy",NA
"144","10.1257/aer.103.4.1325","Delegation, Primary authority",NA
"145","10.1177/0956797612449177","Value (mathematics)",NA
"146","10.1023/A:1007744326393","Stimulus (psychology)",NA
"147","10.1037/0278-7393.34.1.186","Experience sampling method, Sample (material)",NA
"148","10.1002/(SICI)1099-0771(200001/03)13:1<1::AID-BDM333>3.0.CO;2-S","Affect",NA
"149","10.1037/0022-3514.94.3.382","Ego Depletion, Cognitive resource theory",NA
"150","10.1037/0022-3514.94.2.94.2.231","Information Quality",NA
"151","10.1111/j.1467-9280.2008.02044.x","Affordance, Visual Search, Representation",NA
"152","10.1371/journal.pone.0071475","Calorie, Replicate, Food Choice",NA
"153","10.1371/journal.pone.0154854","Probabilistic logic, Population, Computer science, Statistics, Mathematics, Medicine, Environmental health",NA
"154","10.1111/1467-9280.00431","Affect, Well-Being",NA
"155","10.1257/aer.102.1.337","Continuous variable, Control variable",NA
"156","10.1177/0146167214524992","Permissive",NA
"157","10.1257/aer.102.2.720","Punishment (psychology)",NA
"158","10.1037/0022-3514.94.4.579","Assimilation (phonology)",NA
"159","10.1111/j.1467-9280.2006.01824.x","Psychology, Perspective (graphical), Power (physics), Perspective-taking, Empathy, Social psychology, Control (management), Cognitive psychology, Physics, Management",NA
"160","10.1177/0001839219840022","Credentialing",NA
"161","10.1037/0278-7393.34.2.430","Representation, Arabic numerals",NA
"162","10.1016/j.jesp.2020.104019","Redistribution, Social Inequality",NA
"163","10.1002/acp.1376","Conformity, Misinformation, Eyewitness memory, Phenomenon, Sample (material), False Memory",NA
"164","10.1207/s15324834basp2504_5","Need for cognition, Affect",NA
"165","10.1016/j.appet.2011.12.023","Snack food, Soft drink",NA
"166","10.1073/pnas.1701916114","Attribution, Psychology, Social psychology, Cognitive psychology",NA
"167","10.1038/s41467-018-06785-y","Extinction (optical mineralogy), Spontaneous recovery, Ventromedial prefrontal cortex",NA
"168","10.1073/pnas.1620542114","Communication, Psychology, Computer science",NA
"169","10.1073/pnas.1216438110","Utterance, Sentence processing",NA
"170","10.1016/0010-0285(83)90002-6","Schema (genetic algorithms), Diagrammatic reasoning, Analogical reasoning",NA
"171","10.1016/j.obhdp.2006.10.001","Priming (agriculture), Horizontal and vertical, Organizational chart, Line (geometry)",NA
"172","10.1037/0022-3514.67.3.357","Regret, Counterfactual thinking, Psychology, Social psychology, Action (physics), Face (sociological concept), Term (time), Cognitive psychology, Sociology, Social science",NA
"173","10.1177/1948550617720269","Smiley",NA
"174","10.1093/geronb/gbx099","Prosocial Behavior, Altruism, Helping behavior",NA
"175","10.1080/09515080801978777","Experimental philosophy, Moral philosophy",NA
"176","10.1111/j.1467-9280.2008.02042.x","Psychology, Electromagnetic shielding, Cognitive psychology, Cognition, Control (management), Social psychology, Neuroscience, Computer science, Artificial intelligence, Electrical engineering",NA
"177","10.1037/0022-0167.40.4.518","Psychology, Personality, Social psychology, Relation (database), Vocational education, Big Five personality traits and culture, Big Five personality traits, Applied psychology, Pedagogy, Database",NA
"178","10.1080/23273798.2020.1810292","Task (project management), Word (group theory), Linguistics, Psychology, Communication, Engineering, Philosophy, Systems engineering",NA
"179","10.1080/08824096.2018.1525347","Psychology, Autonomy, Feeling, Social psychology, Recreation, Entertainment, Art, Political science, Law, Visual arts",NA
"180","10.1007/s13164-013-0162-3","Value (mathematics)",NA
"181","10.1037/a0013748","Moral agency, Nothing",NA
"182","10.1037/a0031047","Generosity, Reciprocity, Affect",NA
"183","10.1177/0956797615608267","Opportunity cost, Salience (neuroscience), Value (mathematics), Window of opportunity",NA
"184","10.1037//0022-3514.67.4.627","Mortality Salience, Terror Management Theory, Salience (neuroscience)",NA
"185","10.1016/j.cognition.2007.11.004","Cognitive Load",NA
"186","10.1016/j.cognition.2009.02.001","Phenomenon",NA
"187","10.1075/arcl.7.07gri","Priming (agriculture), Construction Grammar, Complement, Language production, Dative case",NA
"188","10.1073/pnas.1722664115","Motivated reasoning, Salience (neuroscience), Priming (agriculture), Scientific consensus, Social Learning, Survey data collection",NA
"189","10.1093/jos/ffr009","Quantifier (linguistics), Raising (metalworking)",NA
"190","10.1093/jcr/ucx039","Saturation (graph theory), Hue",NA
"191","10.1177/0956797616639727","Psychology, Theory of mind, Perception, Set (abstract data type), Developmental psychology, Social psychology, Cognitive psychology, Cognition, Neuroscience, Computer science",NA
"192","10.1111/j.1467-9280.2008.02053.x","Psychology, Cognitive psychology, Social psychology",NA
"193","10.1073/pnas.1505067112","Political science, Social psychology, Public relations, Law and economics, Psychology, Sociology",NA
"194","10.1111/j.1467-9280.2008.02100.x","Group conflict, Endowment, Social dilemma, Dictator game",NA
"195","10.1037/0022-3514.94.1.1","Mindset, Affect",NA
"196","10.1038/s41598-018-30314-y","Categorical variable, Representation, Geometric analysis",NA
"197","10.1111/j.1468-0017.2006.00297.x","Social intuitionism, Introspection",NA
"198","10.1038/nature13530","Overexploitation, Common-pool resource, Social dilemma, Public goods game, Majority Rule",NA
"199","10.1073/pnas.2009030117","Randomized experiment, Research Object",NA
"200","10.1111/j.1467-9280.2008.02085.x","Conscientiousness",NA
"201","10.1037/0022-3514.80.6.995","Seekers",NA
"202","10.1037/0022-3514.94.3.396(1)",NA,"HTTP 404: <!doctype html>
<html lang=en>
<title>404 Not Found</title>
<h1>Not Found</h1>
<p>The requested URL was not found on the server. If you entered the URL manually please check your spelling and try again.</p>
"
"203","10.1016/j.jesp.2020.104080","Persistence (discontinuity)",NA
"204","10.1177/0193723504273121","White (mutation), Value (mathematics), Sample (material), Scarcity",NA
"205","10.1111/j.0956-7976.2004.00757.x","Social exchange theory, Market system",NA
"206","10.5840/jphil20091061128","Analytic Philosophy",NA
"207","10.1073/pnas.1516047113","Racial differences, Racial Bias",NA
"208","10.1073/pnas.1706913114","Situational ethics, Situation Awareness",NA
"209","10.1037/pspa0000032","Processing fluency, Framing (construction), Verbal fluency test",NA
"210","10.1016/j.cognition.2016.06.011","Psychology, Cognitive science, Epistemology, Cognitive psychology, Philosophy",NA
"211","10.1037/0022-3514.94.4.647","Promotion (chess), Spouse, Partner effects",NA
"212","10.1002/(SICI)1099-0771(199806)11:2%3C107::AID-BDM292%3E3.0.CO;2-Y","Ice cream, Value (mathematics)",NA
"213","10.1037/0022-3514.86.5.680","Mode (computer interface)",NA
"214","10.3389/fpsyg.2014.01276","Priming (agriculture), Replication",NA
"215","10.1257/aer.101.2.819","Commit, Reciprocity, Ex-ante",NA
"216","10.1177/0956797613494853","Affect",NA
"217","10.1177/0956797616640705","Stimulus (psychology), Brand names",NA
"218","10.1111/ecin.12470","School Choice",NA
"219","10.1016/j.jesp.2010.05.014","Elaboration, Social contact",NA
"220","10.3758/BF03194043","Mental Rotation, Representation",NA
"221","10.1257/aer.101.7.3109","Affect, Time preference",NA
"222","10.1037/a0015960","Disgust, KISS (TNC)",NA
"223","10.1111/j.1467-9280.2007.02004.x","Stroop effect, Error-related negativity, Negativity effect, Neural system, Neural Activity",NA
"224","10.1086/670020","Value (mathematics), Research Object, Product category",NA
"225","10.1037/0022-3514.46.4.778","Evening, Psychology, Presidential system, Social psychology, Politics, Political science, Physics, Astronomy, Law",NA
"226","10.1037/0022-3514.95.2.293","Intuition, Luck",NA
"227","10.1177/01461672952111004","Anchoring, Pooling",NA
"228","10.1177/0022243718813544","Viewpoints, Sense of control, Elevation (ballistics), Position (finance), Risk Perception",NA
"229","10.1111/j.1467-9280.2008.02057.x","Anchoring",NA
"230","10.1111/j.1467-9280.2008.02070.x","Word order, Similarity (geometry)",NA
"231","10.1037/xge0001195","Referent, PsycINFO",NA
"232","10.1093/jcr/ucv049","Logo (programming language), Priming (agriculture), Component (thermodynamics)",NA
"233","10.1073/pnas.1516868113","Suspect",NA
"234","10.1126/science.1091721","Default",NA
"235","10.1023/A:1015044207315","Default, Permission, Framing (construction)",NA
"236","10.1016/j.jsams.2017.06.007","Balance Test",NA
"237","10.1016/j.jml.2006.02.004","Metaphor, Categorization, Psychology, Comprehension, Analogy, Cognitive psychology, Linguistics, Philosophy",NA
"238","10.1073/pnas.1601280113","Trustworthiness, SIGNAL (programming language)",NA
"239","10.1177/0956797616685771","Hypocrisy",NA
"240","10.1037/0033-2909.129.3.339","Conservatism, Openness to experience, Worry, Terror Management Theory, Dominance (genetics)",NA
"241","10.1111/j.1467-9280.2009.02426.x","Value (mathematics)",NA
"242","10.1037/0021-9010.85.5.751","Agreeableness, Conscientiousness, Openness to experience",NA
"243","10.1111/j.1744-6570.1999.tb00174.x","Conscientiousness",NA
"244","10.1111/j.1467-9280.2008.02045.x","Value (mathematics)",NA
"245","10.1037/0022-3514.94.4.672","Debiasing, Heuristics, Confirmation bias, Framing effect, Axiom independence, Anchoring",NA
"246","10.1287/orsc.2021.1456","Proposition",NA
"247","10.1037/0033-295X.93.2.136","Norm (philosophy), Psychology, Mathematical economics, Cognitive psychology, Mathematics, Econometrics, Computer science, Epistemology, Philosophy",NA
"248","10.1073/pnas.2218961120","Salience (neuroscience), Similarity (geometry)",NA
"249","10.1086/648381","Certainty",NA
"250","10.1037/0033-2909.118.1.3","Longitudinal Study, Longitudinal data",NA
"251","10.1126/science.1199327","Value (mathematics)",NA
"252","10.1016/j.psychsport.2021.102099","Social Cognitive Theory",NA
"253","10.1037/a0034462","Social Structure",NA
"254","10.1257/aer.102.5.2018","Waiting list",NA
"255","10.1016/s0010-0277(03)00064-7","Referent",NA
"256","10.1126/science.1239918","Nothing",NA
"257","10.1037/0022-3514.77.4.785","Conformity, Deviance, Harmony (Music)",NA
"258","10.1177/1077559513483002","Conduct disorder",NA
"259","10.1257/aer.102.2.865","Confusion, Constant (computer programming), Value (mathematics)",NA
"260","10.1177/0956797614536739","Stroop effect, Stimulus (psychology)",NA
"261","10.1073/pnas.1805327115","Overwork",NA
"262","10.1080/08911762.2012.744123","Sound symbolism, Brand names",NA
"263","10.1111/1467-8284.00419","Ordinary language philosophy, Experimental philosophy",NA
"264","10.1111/j.1467-8284.2004.00481.x","Intentionality, Philosophy of language, Folk psychology, Experimental philosophy",NA
"265","10.1163/156853706776931222","Folk psychology, Divergence (linguistics)",NA
"266","10.1177/0956797614553009","Rank (graph theory)",NA
"267","10.1257/aer.101.2.927","Coordination game, Distortion (music)",NA
"268","10.1016/j.cognition.2015.01.013","Phenomenon, Causality",NA
"269","10.1016/j.nlm.2017.09.009","Oddball paradigm, Stimulus (psychology), Stimulus onset asynchrony",NA
"270","10.1073/pnas.1523586113","Temptation, Obfuscation",NA
"271","10.1177/0956797618760784","Dehumanization, Immorality",NA
"272","10.1126/science.1190792","ENCODE",NA
"273","10.1073/pnas.1707719114","White (mutation), Odds, Racial Equality",NA
"274","10.1016/j.visres.2005.11.013","Stimulus (psychology)",NA
"275","10.1093/jcr/ucw056","Scarcity, Promotion (chess)",NA
"276","10.1037/0022-3514.77.2.221","Psychology, Social psychology, Cognitive psychology",NA
"277","10.1177/0956797614563108","Religiosity, Psychology, Feeling, Social psychology",NA
"278","10.1093/qje/qjt035","Redistribution, Inequity aversion, Dictator, Loss aversion, General Social Survey, Social Preferences, Survey data collection, Risk Aversion, Dictator game",NA
"279","10.1007/s11199-011-0036-z","Implicit attitude, Gender gap, Association (psychology), Implicit-association test, Women in science",NA
"280","10.1017/S0007123421000557","Diaspora, White (mutation), Racial politics",NA
"281","10.1111/j.1467-9280.2008.02095.x","Gratitude, Maxim",NA
"282","10.1111/j.1467-9280.2008.02040.x","Psychology, Inequality, Social psychology, Developmental psychology, Mathematics, Mathematical analysis",NA
"283","10.1126/science.1186799","Cognitive dissonance, Psychology, Social psychology, Domain (mathematical analysis), Mathematics, Mathematical analysis",NA
"284","10.1002/jcpy.1028","Prestige, Consumption, Value (mathematics), Affect, Conspicuous consumption",NA
"285","10.1037/0022-3514.95.2.420","Intrapersonal communication, Vulnerability, Expression (computer science), Emotional security, Derogation",NA
"286","10.1073/pnas.2014505117","Universalization, Deliberation",NA
"287","10.1177/0956797615572231","Psychology, Social psychology, Cognitive psychology",NA
"288","10.1038/s41598-019-57204-1","Crowding, Replicate, Stimulus (psychology), Display size",NA
"289","10.1093/aesthj/ayu027","Resistance (ecology), Art, Media studies, Art history, History, Library science, Sociology, Computer science, Ecology, Biology",NA
"290","10.1037/a0016795","Identification",NA
"291","10.1016/j.jesp.2009.06.003","Affect, Color term",NA
"292","10.1037/0278-7393.34.3.478","Task Switching, Memory span",NA
"293","10.1177/0956797618788882","Psychology, Social psychology",NA
"294","10.1111/j.1475-4975.2007.00150.x","Causation, Analytic Philosophy",NA
"295","10.1177/0956797614547705","Persistence (discontinuity), Memorization",NA
"296","10.1177/0956797611428079","Dominance (genetics), White (mutation), Black female",NA
"297","10.1177/0956797617705399","Lie detection, Prejudice (legal term), White (mutation)",NA
"298","10.1111/j.1467-9280.2008.02081.x","Phobias",NA
"299","10.1016/j.learninstruc.2014.08.004","Component (thermodynamics)",NA
"300","10.1016/j.cognition.2017.06.025","Stroop effect, Feature (linguistics), Subjective constancy",NA
"301","10.3758/BF03211160","Articulatory suppression, Presentation (obstetrics), Similarity (geometry), Serial position effect",NA
"302","10.1075/resla.17019.loz","Interlanguage",NA
"303","10.1177/2F10986111211035002",NA,"HTTP 404: <!doctype html>
<html lang=en>
<title>404 Not Found</title>
<h1>Not Found</h1>
<p>The requested URL was not found on the server. If you entered the URL manually please check your spelling and try again.</p>
"
"304","10.1177/0956797619854706","Moral behavior",NA
"305","10.1037/0022-3514.94.3.396","Ambivalence, Attitude",NA
"306","10.1037/0278-7393.34.3.495","Stimulus (psychology), Lexical access",NA
"307","10.1111/1467-6494.t01-1-00094","Psychology, Spirituality, Operationalization, Personality, Confirmatory factor analysis, Psychometrics, Structural equation modeling, Social psychology, Clinical psychology, Statistics",NA
"308","10.1016/j.cognition.2003.10.003","Prima facie, Philosophical theory",NA
"309","10.1177/0146167207309195","Prejudice (legal term), Model minority, Negativity effect, Ingroups and outgroups",NA
"310","10.1016/j.jcps.2010.06.007","Snack food, Consumption, Product category",NA
"311","10.1037/ebs0000028","Affect, Situational ethics",NA
"312","10.1037/0278-7393.34.2.369","Cued speech",NA
"313","10.1006/jesp.1996.1314","Intentionality, Folk psychology",NA
"314","10.1016/S0749-5978(02)00013-4","Endowment effect, Moderation, Endowment",NA
"315","10.1126/science.1238041","Tamil, Poverty rate",NA
"316","10.1152/japplphysiol.91324.2008","Mental fatigue, Neurocognitive, Crossover study, Exertion, Elementary cognitive task, Perceived exertion",NA
"317","10.1126/science.283.5398.77","Task (project management), Simple (philosophy), Computer science, Class (philosophy), Algebraic number, Artificial intelligence, Artificial neural network, Natural language processing, Language acquisition, Psychology",NA
"318","10.1037/a0032108","Learning effect",NA
"319","10.1037/0278-7393.34.1.243","Serial position effect, Similarity (geometry), Sequence (biology)",NA
"320","10.1111/j.1467-9280.2008.02077.x","Heuristics",NA
"321","10.1007/s11098-010-9651-8","Epistemology, Weakness, Philosophy of mind, Metaphysics, Philosophy, Variety (cybernetics), Order (exchange), Computer science, Economics, Medicine",NA
"322","10.1073/pnas.1706253114","Social Inequality",NA
"323","10.1002/smj.2585","Language Change",NA
"324","10.1037/0022-3514.95.2.274","Counterfactual conditional, Excuse, Affect",NA
"325","10.1037/0022-3514.82.1.112","Disposition",NA
"326","10.1093/jcr/ucv051","Scarcity, Salience (neuroscience), Resource Scarcity, Consumption",NA
"327","10.1145/3173574.3174188","Interface (matter), Interface design",NA
"328","10.1111/psyp.12132","Error-related negativity, Stroop effect, Negativity effect",NA
"329","10.1037/0022-3514.74.1.53","Psychology, Social psychology, Power (physics), Quantum mechanics, Physics",NA
"330","10.1177/0956797618806296","Grammaticality, Word order, Sequence (biology), Sentence processing, Base (topology)",NA
"331","10.1037/0278-7393.34.1.65","Dynamics",NA
"332","10.1037/0022-3514.83.5.1239","Variation (astronomy), Attribution bias, Cultural bias",NA
"333","10.1111/j.1467-9280.2008.02093.x","Dominance (genetics), Horizontal and vertical, Representation",NA
"334","10.1093/jcr/ucx066","Scarcity",NA
"335","10.1037/0278-7393.34.1.146","Repetition (rhetorical device), Spurious relationship, Backward masking",NA
"336","10.1073/pnas.1704032114","Punishment (psychology)",NA
"337","10.1037/0022-3514.94.5.871","Deviance, Conformity, Pride, Descriptive research",NA
"338","10.1523/JNEUROSCI.3427-13.2014","Ventromedial prefrontal cortex, Infralimbic cortex, Extinction (optical mineralogy)",NA
"339","10.1037/0022-3514.74.3.774","Ego Depletion, Regulatory focus theory",NA
"340","10.1111/j.1933-1592.2012.00609.x","Analytic Philosophy",NA
"341","10.1037/0022-3514.94.3.429","Social Connectedness",NA
"342","10.1016/j.obhdp.2004.12.002","Anchoring, Subliminal stimuli",NA
"343","10.1037/0278-7393.34.1.249","Lexical access",NA
"344","10.1037/h0091247","Blame, Experimental philosophy",NA
"345","10.1080/09515080500177309","Luck, Intuition, Lottery",NA
"346","10.1016/j.concog.2008.11.006","Intuition",NA
"347","10.1016/j.cognition.2013.02.008","Skepticism, Denial",NA
"348","10.1111/j.1475-4975.2007.00158.x","Analytic Philosophy",NA
"349","10.1080/09515080500264180","Experimental philosophy, Incompatibilism, Folk psychology, Moral philosophy",NA
"350","10.1111/j.1467-9280.2008.02064.x","Adaptive memory, Relevance, Levels-of-processing effect",NA
"351","10.1177/0093650215609676","Source credibility, Elaboration likelihood model, Moderated mediation, Elaboration, Popularity, Need for cognition",NA
"352","10.1177/0956797619879441","Autobiographical Memory, Representation, Memory development",NA
"353","10.1177/01461672211025423","Regulatory focus theory, Promotion (chess), Independence, Cross-Cultural, Cultural bias",NA
"354","10.1038/s41598-018-31129-7","Subconscious, Affect, Stimulus (psychology)",NA
"355","10.1080/0951508042000202354","Objectivity (philosophy), Objectivism, Argument (complex analysis), Analytic Philosophy",NA
"356","10.1163/156853706776931385","Incompatibilism, Folk psychology, Experimental philosophy, Philosophy of language, Sense of Agency",NA
"357","10.1038/nature15392","Visibility, Social Connectedness",NA
"358","10.1037/xge0000263","Distancing, Social distance, PsycINFO, Affect",NA
"359","10.1037/0022-3514.83.1.44","Negativity effect, Implicit attitude",NA
"360","10.1111/j.1467-9280.2008.02069.x","Referent, Word learning",NA
"361","10.1002/ejsp.2420170402","Value (mathematics), Relevance",NA
"362","10.1037/xge0000064","Psychology, Social psychology, Rationality, Feeling, Cognitive psychology, Perception, Recall, Task (project management), Self, Epistemology",NA
"363","10.1037/0278-7393.34.3.439","Serial position effect, Position (finance)",NA
"364","10.1177/1747021817744546","Debiasing, Bar chart, Health Literacy, Judgement, Bar (unit)",NA
"365","10.3389/fpsyg.2024.1335892","Shoot, Psychology, Applied psychology, Computer security, Computer science, Botany, Biology",NA
"366","10.1111/1467-9280.00376","Surprise, Implicit attitude, Vigilance (psychology)",NA
"367","10.1017/s1930297500001170","Fallacy, Roulette",NA
"368","10.1162/jocn_a_00709","Leverage (statistics), Computational model",NA
"369","10.1080/10503307.2012.731088","Alliance, Psychology, Psychotherapist, Action (physics), Perception, Measure (data warehouse), Neuroscience, Political science, Computer science, Law",NA
"370","10.1177/0956797618780643","Passions, Passion",NA
"371","10.1037/0022-3514.94.1.91","Stereotype Threat, Social distance, Prejudice (legal term), Distancing, Stereotype (UML)",NA
"372","10.1037/0278-7393.34.1.80","Contiguity, Associative property, Scope (computer science)",NA
"373","10.1037/0022-3514.84.2.411","Psychology, Personality, Big Five personality traits, Social psychology, Alternative five model of personality, Personality Assessment Inventory, Big Five personality traits and culture, Construct (python library), Construct validity, Consistency (knowledge bases)",NA
"374","10.1111/j.1551-6709.2011.01210.x","Deliberation, Argument (complex analysis), Reflection, Need for cognition",NA
"375","10.1177/0146167212475225","Misattribution of memory, Affect, Priming (agriculture)",NA
"376","10.1037/0022-3514.94.1.16","Misattribution of memory, Implicit attitude, Implicit-association test, Implicit personality theory, Similarity (geometry), Affect",NA
"377","10.1111/j.1467-9280.2008.02157.x","Sleep, Emotional Memory",NA
"378","10.3758/s13428-021-01694-3","Crowdsourcing, Data set, Honesty",NA
"379","10.3389/fped.2019.00206","SNP, Genetic predisposition",NA
"380","10.1111/j.1467-9280.2006.01720.x","Numeracy, Affect, Framing (construction), Framing effect",NA
"381","10.1073/pnas.1118373109","Upper class, Moderation",NA
"382","10.3102/0013189X13507104","Reporting bias, Non-response bias",NA
"383","10.1177/0956797618818484","Fallacy, Zero (linguistics)",NA
"384","10.1177/0956797615612202","Psychology, Identity (music), Social identity theory, Group (periodic table), Social psychology, Inference, Social group, Cognitive psychology, Developmental psychology, Linguistics",NA
"385","10.1177/0956797615598739","Cooperativeness",NA
"386","10.1037/0022-3514.94.4.615","Mainstream, Distrust, Representation",NA
"387","10.1126/science.1191465","Mediator",NA
"388","10.1016/j.learninstruc.2018.04.006","Competence (human resources), Comprehension, Psychology, Intervention (counseling), The Internet, Critical thinking, Task (project management), Computer science, Quality (philosophy), Mathematics education",NA
"389","10.1073/pnas.1705238114","Dehumanization",NA
"390","10.1126/science.1199427","Psychology, Medical education, Computer science, Mathematics education, Medicine",NA
"391","10.1038/nature11467","Selfishness, Heuristics, Intuition, Social heuristics, Ask price, Forcing (mathematics), Social dilemma",NA
"392","10.1111/j.1467-9280.2008.02076.x","Association (psychology), Associative property, Implicit-association test, Implicit attitude",NA
"393","10.1016/j.neuropsychologia.2009.05.011","Automaticity",NA
"394","10.1016/j.jesp.2004.07.001","Priming (agriculture), Honesty",NA
"395","10.1186/s40163-021-00141-0","Police department, Center (category theory)",NA
"396","10.1037/a0028216","Patience, Independence, Zero (linguistics)",NA
"397","10.1086/598971","Intuition",NA
"398","10.1073/pnas.1707040114","Patience, Intertemporal choice, Temporal discounting, Framing (construction), Framing effect, Choice architecture, Time preference",NA
"399","10.1177/1948550619843931","Similarity (geometry), Gratification, Adjudication",NA
"400","10.1016/j.jesp.2018.05.006","Humility, Hindsight bias, Openness to experience, Intrapersonal communication",NA
"401","10.1038/s41598-017-10669-4","Social Cognitive Theory, Compassion, Social functioning",NA
"402","10.1016/j.jesp.2005.05.001","Subliminal stimuli, Anchoring, Priming (agriculture), Value (mathematics)",NA
"403","10.1007/s11858-016-0819-3","Ninth",NA
"404","10.1002/jeab.432","Immediacy, Delay of gratification",NA
"405","10.1037/0278-7393.34.1.50","Reading aloud, Lexical access, Read aloud, Stimulus (psychology)",NA
"406","10.1111/j.1467-9280.2008.02052.x","Prejudice (legal term), Attentional Bias, Racial Bias, Response bias",NA
"407","10.1037/0022-3514.84.3.582","Personality development, Relevance, Longitudinal Study",NA
"408","10.1111/1467-6494.05028","Personality development",NA
"409","10.1037/0278-7393.34.2.353","Psychology, Gaze, Eye movement, Cognitive psychology, Reading (process), Latency (audio), Linguistics, Computer science, Neuroscience, Telecommunications",NA
"410","10.1177/0956797610384746","Social cue",NA
"411","10.1037/pspi0000081","Lying, PsycINFO, Lie detection, Impression formation",NA
"412","10.1177/09567976221082637","Curiosity, Lottery",NA
"413","10.1093/jcr/ucw008","Psychology, Library science, Gerontology, Medicine, Computer science",NA
"414","10.1007/s13164-013-0154-3","Incompatibilism, Consilience, Reductionism, Experimental philosophy, Phenomenon, Thought experiment",NA
"415","10.1177/0956797617721270","Stroop effect, Attentional control",NA
"416","10.1016/0022-1031(77)90049-X","Attribution bias, Response bias",NA
"417","10.1177/0267658310386439","Animacy, European Portuguese, Language proficiency, Raising (metalworking)",NA
"418","10.1111/1467-9280.00334","Affect, Certainty, Impossibility, Independence, Subjective expected utility",NA
"419","10.1177/0956797619855382","Dirt, Intoxicative inhalant",NA
"420","10.1093/jcr/ucv048","Scarcity, Resource Scarcity",NA
"421","10.1080/09515080902802769","Causation, Causality, Folk psychology",NA
"422","10.1023/A:1019923923537","Harm, Social psychology, Action (physics), Psychology, Presentational and representational acting, Social policy, Law and economics, Political science, Economics, Law",NA
"423","10.1111/j.1467-9280.2008.02054.x","Psychology, Face (sociological concept), Cognitive psychology, Linguistics, Philosophy",NA
"424","10.1037//0022-3514.79.1.49","Acculturation, Mainstream",NA
"425","10.1093/jcr/ucv007","Consumption, Durable good",NA
"426","10.1111/j.1467-9280.2008.02049.x","Figure–ground, Convexity, Observer (physics)",NA
"427","10.1037/0278-7393.34.2.408","Motivated forgetting",NA
"428","10.1177/0956797611434540","Redistribution",NA
"429","10.1177/0956797609359908","Psychology, Interpersonal communication, Social psychology, Sociocultural evolution, Agency (philosophy), Interpersonal relationship, Cognitive psychology, Sociology, Social science, Anthropology",NA
"430","10.1093/jcr/ucz022","CLARITY, Affect",NA
"431","10.4148/1944-9771.1299","Taboo, Sample (material)",NA
"432","10.1177/0956797614558718","Moderation, Value (mathematics), Moderated mediation, Anchoring",NA
"433","10.1111/j.1468-0068.2010.00795.x","Citation, Computer science, Library science",NA
"434","10.1093/poq/nfx042","Misinformation",NA
"435","10.1037/0096-3445.136.2.241","Memory span, Attentional control",NA
"436","10.1037/0278-7393.34.3.514","Stroop effect, Contingency",NA
"437","10.1111/j.1467-9280.2008.02227.x","Disgust, Moral behavior",NA
"438","10.1089/cyber.2015.0311","Attentional Bias, Healthy food, Food Choice, Neurophysiology",NA
"439","10.1086/268936","Psychology, Social psychology, Statistics, Mathematics",NA
"440","10.1086/269239","Assimilation (phonology)",NA
"441","10.1177/0956797615573516","Call to action",NA
"442","10.1177/1948550619849426","Chinese americans",NA
"443","10.1016/j.psychres.2017.09.048","Anorexia nervosa, Depression, Emotional expression, Emotion Perception",NA
"444","10.3758/BF03197186","LOOM",NA
"445","10.1162/003355397555208","Illusion, Economics, Inflation (cosmology), Rationality, Positive economics, Keynesian economics, Monetary economics, Psychology, Cognitive psychology, Epistemology",NA
"446","10.1126/science.1222426","Scarcity",NA
"447","10.1177/0956797614563958","Scarcity, Value (mathematics)",NA
"448","10.1038/s41586-022-04452-3","Neighbourhood (mathematics), Sense of control",NA
"449","10.1177/0956797616651973","Psychology, Encoding (memory), Cognitive psychology, Social psychology",NA
"450","10.1177/0956797614534693","Retributive justice, Punishment (psychology), Attendance",NA
"451","10.1093/workar/waac024","New horizons, Socioemotional selectivity theory, Limiting, Sample (material)",NA
"452","10.1177/0956797611418350","Disengagement theory, Emotional Regulation",NA
"453","10.1177/0956797612445318","Dirt",NA
"454","10.1037/0022-3514.83.5.1165","Maladaptation, Personality development",NA
"455","10.1037/0022-3514.94.1.116","Proposition",NA
"456","10.1016/j.ijresmar.2012.03.002","Brand names, Sound symbolism",NA
"457","10.1037/0021-9010.77.4.419","Psychology, Action (physics), Social psychology, Quantum mechanics, Physics",NA
"458","10.1037/a0027598","Human physical appearance",NA
"459","10.1177/0956797616662271","Phenomenon",NA
"460","10.1037/0096-1523.3.4.544","Hindsight bias, Predictability, Experimental psychology, Forcing (mathematics), Psychological research",NA
"461","10.3758/s13414-019-01723-6","Stroop effect, Visual Search, Affect, Task Switching",NA
"462","10.1177/0956797614554955","Psychology, Cognitive psychology",NA
"463","10.1177/0022243720932532","Stimulus (psychology), Numerical digit, Rounding, Pound (networking)",NA
"464","10.1016/j.learninstruc.2018.05.004","Spelling, Orthography, Norwegian",NA
"465","10.1073/pnas.1908369116","Negativity effect, Negativity bias, Content (measure theory), Variation (astronomy), Confirmation bias",NA
"466","10.1037/0022-3514.94.4.718","Acquiescence, Agreeableness, Conscientiousness, Openness to experience",NA
"467","10.1111/j.1467-9280.2007.01944.x","Anticipation (artificial intelligence), False belief, Attribution bias",NA
"468","10.1016/0022-1031(91)90011-T","Immorality",NA
"469","10.1177/0261927X01020004004","Empirical evidence, Empirical Research",NA
"470","10.1037xge0000738",NA,"HTTP 404: <!doctype html>
<html lang=en>
<title>404 Not Found</title>
<h1>Not Found</h1>
<p>The requested URL was not found on the server. If you entered the URL manually please check your spelling and try again.</p>
"
"471","10.1037/pspi0000109","Humility, PsycINFO, Prosocial Behavior",NA
"472","10.1073/pnas.1517662112","Certainty",NA
"473","10.1177/0956797614559285","Psychology, Cognitive psychology",NA
"474","10.1037/0278-7393.34.1.230","Retrieval-induced forgetting, Reset (finance), Motivated forgetting",NA
"475","10.1037/h0054651","Serial learning",NA
"476","10.1177/0956797616630964","Facial attractiveness, Stimulus (psychology)",NA
"477","10.1016/0001-6918(81)90005-6","Psychology, Competence (human resources), Social psychology, Developmental psychology, Applied psychology",NA
"478","10.1016/j.jenvp.2022.101868","Climate change, Psychology, Environmental policy, Social psychology, Political science, Environmental health, Environmental resource management, Economics, Medicine, Ecology",NA
"479","10.1007/s11098-009-9439-x","Philosophy of language, Folk psychology, Experimental philosophy",NA
"480","10.1027/1864-9335/a000147","Psychology, Social psychology, Perception, Personality, Agency (philosophy), Big Five personality traits, Morality, Premise, Developmental psychology, Sociology",NA
"481","10.1111/j.1467-9280.2008.02091.x","Stochastic game, Affect, Ultimatum game, Value (mathematics)",NA
"482","10.1016/S2215-0366(21)00241-8","Nested case-control study",NA
"483","10.1073/pnas.1202129109","Value (mathematics), Reward system",NA
"484","10.1111/j.1467-9280.2008.02088.x","Instrumental variable",NA
"485","10.1177/0956797616667459","Stereotype (UML), Spatial Ability",NA
"486","10.1075/jslp.22013.tel","Tagalog, Prestige, Stress",NA
"487","10.1037/h0093929","Covert, Sadness, Sincerity",NA
"488","10.1038/s41467-021-27323-3","Local field potential",NA
"489","10.1037/0033-2909.129.6.914","Affect, Moderation, Affective events theory, Trait",NA
"490","10.1037/0022-3514.84.4.871","Nomological network, Trait",NA
"491","10.1037/mot0000097","Outgroup",NA
"492","10.1177/0956797615624492","Priming (agriculture), Racial Bias, Identification, White (mutation)",NA
"493","10.1037/0022-3514.94.3.516","Pride, Expression (computer science)",NA
"494","10.1515/ling.2011.016","Argumentative",NA
"495","10.1037/0021-843X.103.2.350","Sample (material), Factor (programming language)",NA
"496","10.1037/0278-7393.34.2.399","Feature (linguistics), Colored",NA
"497","10.1016/0010-0285(73)90033-9","Phenomenon, Heuristics",NA
"498","10.1177/0956797616650875","Value (mathematics), Confirmation bias",NA
"499","10.3758/s13414-020-02150-8","Psychology, Task (project management), Cognitive psychology, Perception, Contrast (vision), Visual perception, Computer science, Neuroscience, Artificial intelligence, Management",NA
"500","10.1073/pnas.1508932113","Expansive, Openness to experience, Dominance (genetics), Romance",NA
"501","10.1089/cyber.2016.0530","Misattribution of memory, Affect, Social cue",NA
"502","10.1037/0022-3514.73.4.733","Prosocial Behavior",NA
"503","10.1002/pam.21702","Randomized experiment",NA
"504","10.1093/jcr/ucaa006","Popularity, Scarcity, Product category",NA
"505","10.1111/cogs.12605","Causal model, Causal reasoning, Causal analysis, Causal structure, Robustness",NA
"506","10.1177/0146167216684132","Regulatory focus theory, Promotion (chess), Affect, Yesterday",NA
"507","10.1177/0956797611435919","Psychology, Psychoanalysis",NA
"508","10.1126/science.1132491","Helpfulness",NA
"509","10.1177/0956797613502732","Psychology, Feeling, Product (mathematics), Sexual behavior, Social psychology, Developmental psychology, Mathematics, Geometry",NA
"510","10.1111/j.1467-9280.2008.02136.x","Galton's problem, Intuition",NA
"511","10.1111/j.1467-9280.2008.02046.x","Attentional blink, Stimulus (psychology)",NA
"512","10.1037/0096-3445.135.4.641","Representation, Trope (literature)",NA
"513","10.1016/j.jtbi.2005.02.010","Trait",NA
"514","10.1038/oby.2005.12","Computer science, Mathematics",NA
"515","10.1086/691462","Temptation, Cognitive Load, Cognitive resource theory",NA
"516","10.1111/1467-6494.00102","Agreeableness, Conscientiousness, Positive affectivity, Trait, Facet (psychology)",NA
"517","10.1037/0278-7393.34.1.204","Contingency, Contingency table",NA
"518","10.1177/0956797613508412","Salience (neuroscience), Racial formation theory, Racial hierarchy, White (mutation), Racial differences, Racial Bias",NA
"519","10.1073/pnas.1519401113","Social ecology, Behavioral ecology",NA
"520","10.1111/j.1467-9280.2008.02084.x","Closeness, Affect, Embarrassment",NA
"521","10.1126/science.1250830","Nothing",NA
"522","10.1111/j.1467-9280.2008.02080.x","Structure from Motion, Biological motion",NA
"523","10.1017/S1366728914000273","Task Switching, Cognitive flexibility, Stimulus (psychology)",NA
"524","10.1093/jcr/ucy082","Moderation, Self-Construal, Moderated mediation",NA
"525","10.1249/MSS.0000000000000818","Jump, Physical medicine and rehabilitation, Cardiology, Medicine, Psychology, Physics, Quantum mechanics",NA
"526","10.1177/0956797615585002","Mental Rotation, Feature (linguistics)",NA
"527","10.1177/0956797618779061","Free riding, Free rider problem, Flourishing",NA
"528","10.1111/1467-9280.02436","Temporal resolution, Spatial frequency",NA
"529","10.1086/383422","Sound symbolism, Brand names, Phenomenon",NA
"530","10.1080/02699931.2016.1273201","Anger, Psychology, Masculinity, Facial expression, Perception, Context (archaeology), Developmental psychology, Social psychology, Communication, Paleontology",NA
"531","10.1016/j.cortex.2014.02.013","Periaqueductal gray",NA
"532","10.1016/j.jesp.2012.11.012","Priming (agriculture), Affect, Mindset, White (mutation)",NA
"533","10.1038/nclimate2093","Climate science, Affect, Lead (geology), Phenomenon",NA
"534","10.1177/0956797614561266","Priming (agriculture)",NA
"535","10.1016/j.biopsycho.2018.08.007","Cold pressor test",NA
"536","10.1177/0956797615617779","Psychology, Cognitive psychology",NA
"537","10.1126/science.1130726","Washing hands",NA
"538","10.1509/jmr.13.0451","Scarcity, Salience (neuroscience)",NA
"539","10.1037/0022-3514.94.4.600","Ultimatum game",NA
